word,label,x,y
kahjutekitavam,0,-47.6927792025,0.3933468121
konkreetsem,1,36.326427992199996,3.4699638944999998
juhuslikum,1,10.1572849577,14.3291007382
empaatilisem,1,56.152164921499995,-6.7361490144000005
tõusvam,0,59.790073478800004,-35.3053519412
lihtsakoelisem,1,25.730551961,6.3294510538
valkjam,1,52.11807719350001,-5.727780533200001
paksem,1,12.2799338701,-0.4880148183
hukatavam,0,63.155834668199994,82.40798684079998
loodusealtim,1,49.2172465196,-3.7360743357999997
vasakpoolsem,1,-3.1311038147000003,-5.8048428112
lennukam,1,-8.0286526736,-6.3019801548
määramatum,1,30.8778209829,-8.1627768163
elavam,1,17.0104143131,2.644832184
2kilisem,1,52.9144963567,-4.2810986351
olulistem,1,-21.7315431715,-1.3890271445
räpakam,1,23.9624559184,-23.405785690100004
skandaalsem,1,-16.0608369596,-9.888711835499999
lastepärasem,1,54.58718586649999,-5.5485539062
rumalam,1,-11.477720299400001,-0.8997051517
v2iksem,1,48.885305460699996,-3.5431305393
otsem,1,-36.0769523252,1.7095001411000001
kahjustavam,1,14.6796460147,14.5569430004
paduliberaalsem,0,60.6804136663,-51.0385478342
eeskujulikum,1,-36.5234035713,-2.6888316338
töömahukam,1,8.3257053898,3.0735682857
tasem,1,53.8651223595,-6.7244508103
rakenduslikum,1,19.7778059806,-3.6934226620999997
barjäärivabam,1,49.2124063288,-3.5351888701
sulanum,1,49.4757888887,-3.6738164483999998
tantsitavam,1,52.439011278,-5.9250608923
ideoloogilisem,1,50.2408104099,-3.5106807061
ilmastikukindlam,0,55.3240205412,-20.3225446304
tänamatum,1,-31.453024616399997,-4.0869337117
soositum,1,-33.191724417399996,-0.4564282121
globaliseeruvam,0,58.8997332913,-19.5721560483
lohutum,1,23.7722111227,-27.139206484299997
haavatavam,1,-21.2354986362,0.522516415
asjakohasem,1,-41.0131197719,-0.6817173379000001
utilitaarsem,1,49.849909511499995,-3.8855916913
tõmmum,1,25.8898623873,-10.968417213399999
vanamoodsam,1,1.4533220435,-1.7011400777
pikergusem,1,52.261640090200004,-4.8907495552
lootustandvam,1,-17.0868923305,-0.97013413
ühetaolisem,1,54.74927541899999,-7.656739525
käegakatsutavam,1,-7.420091348,11.7137818375
alkoholilembesem,1,5.603477044400001,-9.5894046181
vaevanõudvam,1,24.3127390136,9.5641989847
proportsionaalsem,1,-10.7432412456,27.731560155
originaalsem,1,-2.3277588811000003,-1.8050870651
vabameelsem,1,24.312855732600003,0.3130140877
illusioonivabam,1,49.1858966616,-3.5658658887
sarkastilisem,1,6.4938172319000005,-25.322600510999997
detailiseeritum,1,51.5465992161,-4.3429397163
hinnatavam,1,-5.070623645,-8.1281306864
riigikesksem,1,31.4465313309,-26.852882347399998
saamatum,1,9.7414376976,-11.273401469000001
karmisõnalisem,1,32.0638084991,-26.8080756906
rariteetsem,1,5.086423202200001,-14.1675648903
ohtlikum,1,-12.499381382100001,3.362874937
vürtsikam,1,30.1692616189,-9.6071435387
enesetapjalikum,1,0.7465587295999999,-1.5862595383000002
asjatundmatum,1,-22.5409603127,-0.7752645497
ükskõiksem,1,22.634988521799997,-11.0990980299
lustakam,1,28.7008704707,7.7081881409
eestipärasem,1,4.8617655297,3.0475786231
intrigeerivam,1,-16.4150069364,3.8457832331
sinakam,1,53.4244129783,-5.2196517307
paljastavam,1,6.197037169400001,-20.0782018801
murettekitavam,1,-17.6836348483,-1.1160174462
psühholoogilisem,1,7.7315277328,41.4006668265
ulmekesksem,1,55.0508375475,-6.4184053511000005
tavapärasem,1,-19.9227148421,-1.2101965163
individualistlikum,1,30.2002792622,18.1248296874
hõlpsam,1,20.6916754976,12.1143294803
rasvarikkam,1,4.2296928595,-3.1714011012
südikam,1,21.0990327231,11.2769758865
aeganõudvam,1,1.6032092318,3.7602704595
trenditeadlikum,1,-27.6930792864,-0.7027633817
inimtühjem,1,-21.044651079,-4.598028903
pädevam,1,-19.462897382999998,4.3169504224
kulunum,1,-11.892691418900002,-1.2944333405
nirum,1,-4.5372448975,12.1867226412
mõistatuslikum,1,21.253674501099997,-15.3969308173
organiseeritum,1,11.3940856225,-6.8919358877
tasakaalustatum,1,13.817532361300001,18.9430805244
treenitum,1,17.804202506099998,-2.5976552188
sõjaväelaslikum,1,57.7087373792,38.7586186428
veevaesem,0,56.975285419399995,-12.9952806997
pirakam,1,-11.1558114126,5.4904710425
piiramatum,0,55.9775841421,-10.5062890274
juhisõbralikum,1,3.6790291725,-3.0125292695
õigusetum,1,22.394846076999997,-9.8950327545
kasutuskõlblikum,1,0.7622336586,-1.6713637618000001
pehmeloomulisem,1,51.904119653100004,-4.6168446357
pentsikum,1,8.4761566328,-13.812067965399999
mitmepalgelisem,1,28.658551881199998,-5.3997785629
teatraalsem,1,30.270993180700003,-10.861456396600001
valulikum,1,2.7720887908,-9.5587620972
materialistlikum,1,27.3644678853,-3.8358282223
laiem,1,28.989948694699997,5.4242579035
elevam,1,1.9269100068,-1.9747964521
sürrealistlikum,1,-18.047735278399998,-2.1822434259
üllatusterohkem,1,-19.9806257348,20.8970068193
ajamahukam,1,-23.4006371797,-0.623444003
muserdatum,1,59.5667094051,35.9508489067
rõõmustavam,1,-0.8437049643000001,-3.5930481412
noorem,1,4.7700320126,1.8942590611
vitaalsem,1,13.746388084100001,-3.3297918752999998
esinduslikum,1,-28.174207797399998,1.1281214416
muretum,1,13.689703209200001,8.9038136986
lagedam,1,38.6738621759,8.165790711
sitkem,1,18.9800054499,12.67360319
pillavam,1,7.1126724824,8.0390331577
andetum,1,-36.154452077600006,-0.3988193909
mõtestatum,1,54.6800282984,-8.0672767611
veerohkem,1,-27.1440558525,-0.9690036205
väljendusrikkam,1,26.4052026075,37.072117414000004
meisterlikum,1,-31.262607616300002,6.1781843402
nimekam,1,-9.2685870116,3.8385144701
lünklikum,1,29.0087375913,-7.0595109621
demagoogilisem,1,-13.135991420999998,-3.2398651344
vaguram,1,10.3634679735,16.726134886700002
perfektsem,1,-18.5781857989,-2.0663736941999997
minimalistlikum,1,41.982168320999996,-6.907543121900001
sisukam,1,19.8408750181,0.9312074362999999
vapram,0,-41.1510251636,-0.4434424074
teadmatum,1,4.1424024698,-5.0564711076
harivam,1,18.9604030496,-3.2571778253
läbipaistvam,1,31.8960603967,8.3645138343
päevakohasem,1,-11.9105195367,12.874204179100001
vaatajasõbralikum,1,5.5893655324000004,19.4115316397
ligitõmbavam,1,25.2101118259,-0.8678282166
kulukam,1,21.1768924587,2.5758785373
mägisem,1,27.366815410799997,-12.3006112279
tõsisem,1,19.7428351105,3.8851127872
kättesaamatum,0,56.7276787806,-22.0731359366
pealispindsem,1,17.6567148918,-2.9343116410000003
kentsakam,1,-2.2097664854,-7.8701695361000015
ebamoodsam,1,-14.4224937372,-1.6470289697
arhailisem,1,-1.0448942821,5.8595717919000005
ebaautentsem,1,50.0108602425,-3.5332604801
vastakam,1,-19.0157697683,-1.177060781
toksilisem,1,-2.4941542267,4.1812871152
asisem,1,37.740661202,-0.8723856701999999
surem,1,19.8253785128,-3.9176130241000013
augem,1,1.2740156037,-1.5586669469999999
nahaalsem,1,-11.5683815796,-16.75061807
rahulolevam,1,-16.1111840318,5.553122901799999
rahvapärasem,1,12.498973537000001,-2.7709696406
tühjem,1,39.603104665500005,1.875306144
varajasem,1,-17.7753502148,-3.570824964
inertsem,1,39.6595232892,8.5894309247
tulutoovam,1,-30.9695251825,1.5212392796
küpsem,1,39.4676092968,5.893943606900001
arhetüüpsem,1,-17.8667501335,11.5520057422
raskem,1,9.9292310153,2.0131212797
rohelisem,1,1.0827245706,5.2237614501
silmipimestavam,1,61.91812416720001,15.684719503299998
elulähedasem,1,23.1758676269,3.0232789324000002
ebaselgem,1,21.8971572904,4.4467376878
shokeerivam,1,-8.2067166603,-8.289281476900001
janusem,1,-22.006875015,-1.3095912287
rahvarohkem,1,-28.8136161141,-1.8164107865
alandavam,1,-21.4286717353,7.316412403099999
turumajanduslikum,1,-2.6982429535000003,-8.9456735645
ühesugusem,0,58.3289989042,-30.7724184308
tunnetatavam,1,35.4436812005,61.9043268337
kiiduväärsem,1,-8.8163929483,-3.6940166277
kindlakäelisem,1,54.2069025058,-5.8134492848
traagilisem,1,-8.997925629400001,0.2179187552
suhtelisem,1,5.9806102962,19.1146328626
siiram,1,-27.2845785485,-0.9507349342
näljasem,1,-10.3289663045,-3.4119251744
mitmesugusem,1,-32.8827272961,-1.1637440221
transparentsem,0,56.5597124721,-28.481804363200002
ladusam,1,28.1674845023,7.4428063676999985
ärevam,1,23.326461494,-4.8031939483
kiuslikum,1,-12.6489665628,-4.7508429712
impulsiivsem,1,53.001037216499995,-5.3108703529
ümbernurgalisem,1,48.7557446904,-3.5053397292
akadeemilisem,1,-21.0153213173,3.6933472908
karvasem,1,13.2352055097,-1.0465688769
kasulikum,1,-11.5017762774,7.4628555269
jonnakam,1,-12.1619417046,-6.2618208079999995
kartlikum,1,-0.8847249976,-13.6881331514
kliendisõbralikum,1,-1.7084066413999999,-5.6998714937
interdistsiplinaarsem,0,55.6693722846,-12.748608470299999
eesrindlikum,1,-26.8998269021,2.4102900816
kergekaalulisem,1,58.186934209499995,45.1950148564
intensiivsem,1,12.3321777346,-5.6594112119
depolitiseeritum,1,49.5311579202,-3.7103902807
võimukam,1,-7.079374866599999,-4.6874589937
vanaaegsem,1,19.9438013852,-4.8186273105
kasutum,1,-30.414385311700002,-1.4232591612
loogilisem,1,-14.7387268755,7.824783944
impersonaalsem,1,53.584457370500004,-6.073092942100001
väiksearvulisem,1,3.3014044486,-2.9686290706
triviaalsem,1,-32.2147368088,-0.32579864129999997
peresõbralikum,1,-16.3753782397,4.7623104382
irriteerivam,1,20.3997670988,-4.7980136168000005
ebatõenäolisem,1,-0.0926818002,-7.7667757976
kurvem,1,-3.0415246462,-3.3938202922000005
reserveeritum,1,56.34936859770001,12.680619950899999
vingem,1,1.8705401796,1.621741855
rohkem,1,54.6558218942,15.641314885
elusam,1,18.8260063302,6.0746307288
härdam,1,19.0026240552,-3.4741545450999998
politiseeritum,1,17.7550552868,-16.3437242887
kontrollimatum,1,20.4825881662,-7.5631633141
kohutavam,1,-19.4087891478,-2.4105781151
kontrastsem,1,28.9479965687,-0.0742945101
selgesõnalisem,1,58.0321683801,-6.8757477643
korrapärasem,1,47.6202432093,-5.5091617362
tapvam,1,-6.124549001,31.148836822899998
privaatsem,1,-0.7151447183,5.6293070766
kaljusem,1,59.4765821766,53.0293977162
markeeritum,1,58.871510267299996,38.4297164673
subtiilsem,1,57.0403895241,23.902827618200003
valitum,1,-14.3746394383,-1.3680186437000001
jäisem,1,30.980052633200003,-21.1342472576
kummalisem,1,-12.748002763699999,-6.6781232573
mõistvam,1,29.3139854179,10.8817054124
kitsam,1,28.9796877423,-3.6873765651
kuuldavam,1,32.2644913722,6.8704217959000005
nooruslikum,1,15.484373285799998,3.4753410317
saledam,1,18.4485811463,0.5620753305
pidulikum,1,12.827818260199999,-1.6052693678
iseseisvam,1,39.4570248558,13.1599280168
täiskasvanulikum,1,59.4038218113,53.424700764499995
väärikam,1,-3.4009756307,4.7327221511
internatsionaalsem,1,-5.4694172787,-11.2553825498
sirgjoonelisem,1,9.2655385576,7.360814292100001
liikuvam,1,39.889849522,19.960876966500003
värvikam,1,-7.1057713062,0.6674680708
paindlikum,1,44.5849830438,13.274140900499999
korporatiivsem,1,56.6983225391,39.448653067399995
maalilisem,1,6.580659810299999,-4.7084847034
eksperimentaalsem,1,13.0407403789,-3.0767201975
räsitum,1,53.66005373260001,-5.2651278756
panoraamsem,0,58.4162892939,-28.887348424299997
hoolitsetum,1,24.787596252300002,21.076392534900002
puhtam,1,1.0174817581,9.4428938565
halvem,1,4.4789781624,-1.8161801314
inflatsioonikindlam,1,53.8827581037,-5.7265834728
mõjukam,1,-29.3919891598,-0.19483374539999998
üldrahvalikum,1,22.988406201999997,-20.3838300165
ootamatum,1,-22.1355191798,-3.8515021693000002
kärbitum,1,54.4460402494,-7.3936938312
õudsam,1,-26.0181406287,-9.8930321172
kinnisem,1,42.2978646614,0.7215658595000001
ebaromantilisem,1,2.6108585771,-1.9438759115000002
kevadisem,1,56.9689171911,-0.4588708619
ebamaisem,1,-5.2840679598,-12.0729592851
massilisem,1,-15.4612585931,-3.541942653
päikeselisem,1,13.299372141800001,-7.9008238966999995
hukatuslikum,1,13.751813984000002,10.6680610853
pretensioonikam,1,23.104458487800002,-2.8105354956
tasavägisem,1,8.0988843606,-1.1637681105
nostalgilisem,1,18.9856049124,-4.5297934498000005
vintskem,1,-2.5409104715,-8.991065516399997
turskem,1,3.869349773,12.4440206041
riukalikum,1,21.9313799851,-8.2424543808
kangem,1,3.9990438801,-1.0533206012
muutlikum,1,-16.787234053,17.5165976965
kaalutletum,1,61.0277839798,31.4179153963
tulisem,1,-20.5651684156,-4.0833499292
hoolivam,1,-4.786847259,-2.0806086847
säästvam,1,4.5965298806,12.293062456
plastilisem,1,17.61028323,-2.3525642701
hardam,1,3.447203332,-2.577603547
sihikindlam,1,35.5862584013,-22.327468615500003
ühtlasem,1,16.664659358399998,8.7453111625
kohasem,1,-36.7925933121,1.2688004605
vaieldavam,1,-15.9469414892,-1.8215425652000001
õudsem,1,-9.8518761866,1.9254640787000001
tummisem,1,46.7811293454,1.0984862759
iroonilisem,1,13.4226080015,-2.1057572262
arem,1,-8.0069150216,-3.7076388211
vägivaldsem,1,19.2145854453,-4.7454093489
teadlikum,1,41.8574607108,16.0762726273
mehelikum,1,-4.2203178972,-0.6784094306
vallatum,1,-5.2998475424,-2.0478099115
võltsim,1,1.15904052,-1.569956834
haiglasem,1,3.2134164568,-3.6525862395999997
k6rgem,1,51.556775431700004,-4.5027537575
barbaarsem,1,-13.599457512799999,-1.5872867606999999
usaldatavam,1,-18.198156976,14.6858493479
melanhoolsem,1,53.388522254099996,-5.4289094752
mõistetavam,1,28.7003409126,8.0333122443
sõnaahtram,1,39.0439367931,2.56887743
energilisem,1,24.0132184271,10.0438578893
räigem,1,-0.6119387656,-1.3014607152
lähedasem,1,-16.3700317776,5.3420919805
nüüdisaegsem,1,-5.1174061923,-3.9511542896
oodatum,1,-31.7756674367,-0.22971172850000002
akuutsem,1,0.45417289369999997,-0.2067260081
negatiivsem,1,-3.9342230237,-4.5702619972
taltunum,1,48.5350313955,-3.4632533561
ebainimlikum,1,-13.555826408900002,-8.8284167192
tõsiseltvõetavam,1,-14.9047781578,6.029697156699999
tähenduslikum,1,26.0413982796,18.8673764722
aredam,0,57.4386587167,-15.039222537799999
hämaram,1,24.0726923049,-5.5865383786
vürtsisem,1,18.2816136968,-2.6781100145
ehmatavam,1,28.1363143456,-22.635403655700003
metalsem,1,20.0019949783,-3.5619139729000002
vastsem,0,-29.630580391,-8.178635629
ettearvatavam,1,28.4377584191,-4.0679720649
formaalsem,1,16.7738251659,-4.5072268707
mehem,1,0.4179643784000001,-1.5110320730000002
painavam,1,29.185407336199997,-7.7654647336
kõrvalisem,1,28.8996723051,-2.9557396224
kardetavam,0,-44.231281065,0.1556969512
põgusam,1,35.7040984783,-10.075572770800001
koordineeritum,1,23.5046310044,25.4609761006
ülekaalulisem,1,21.215321788900003,-8.3679567095
salakavalam,1,25.403423919899996,3.5399796583
veetlevam,1,-12.2037939596,18.1825326749
tontlikum,1,36.0008695132,-18.705117490899998
elektroonilisem,1,48.11434356189999,12.103993048800001
üheülbalisem,1,28.1665742825,-6.7321022683
kõrgtehnoloogilisem,1,20.9344750383,3.6861244597000002
filigraansem,1,27.7680886236,0.15862311199999998
suupärasem,1,16.773904510999998,7.8510089665999985
röövellikum,0,57.8656256069,-28.728476592600003
luterlikum,1,-14.157020682799999,-1.1648016703
vastuolulisem,1,-10.764427760899999,-8.4017011291
lootusetum,1,8.0648734716,-5.5513530252
haljam,1,54.119612116099994,-7.6985192913
ebaefektiivsem,1,-12.9385938678,-6.3631571744
hägusam,1,51.7482950083,-7.9365331245
krapsakam,1,-23.605771674299998,-0.590752808
päevakajalisem,1,0.6704639314999999,-10.375553101900001
kitsim,1,23.197091385100002,-8.27179743
kestvam,1,3.282127692,0.1688155976
mõeldavam,1,-26.374276703699998,-3.59975376
imepärasem,1,-27.9885623173,-8.95790676
prioriteetsem,1,-15.7598608796,-1.6695078299000001
saatuslikum,1,-15.388096680999999,1.9002615991
rikutum,0,55.907114824,-11.926627341700001
külgetõmbavam,1,5.171193155,19.7283954575
teisenäolisem,1,48.6552509105,-3.5430516683999995
utoopilisem,1,21.4498397766,-0.1477425631
napim,1,1.75755734,-3.1737685657
fantaasiarohkem,1,58.0351655124,39.0634441029
talvisem,0,55.2231662537,-11.9575478823
ettevõtlikum,1,-3.0565690178,-0.9751007801
vastavam,1,-22.7041743793,-0.9276772797
taibukam,1,14.292788121700001,-6.6735510842
mahedam,1,40.085267753000004,3.3396532546
lõpetatum,1,2.6507214949,-3.3132139707999997
hooletum,1,55.568255593800004,11.074000028199999
väärilisem,1,5.0504302662,19.042492670399998
naeruväärsem,1,-7.2682014764,-10.0232502654
sallivam,1,32.425053882600004,11.1017959816
hävitavam,1,-9.9191201342,-11.798866880699999
sisutihedam,1,41.3150799999,16.918260458800006
meeleolukam,1,-3.5746510803,-4.0625817516000025
piiravam,1,56.0940068151,3.522385716
kardinaalsem,1,-11.0054496176,-1.6507875864
käredam,1,-17.489614844000002,1.9427397284
abstraktsem,1,34.3900512669,0.43813295189999996
nutusem,1,19.627231212,-9.663392142100001
kunstlikum,1,-2.3057331864,-10.779388855
metafüüsilisem,1,54.251245302799994,-6.0720271190999995
värvilisem,1,29.5116825796,8.1734582072
säratum,1,20.2403419364,-3.7445172525
sogasem,1,45.9333477228,-11.9404853573
hägusem,0,55.489163016300004,-17.540834449600002
värvikirevam,1,22.522952923600002,15.597503356099999
defitsiitsem,1,-13.635405563399999,-2.3420578197
laiatarbelisem,1,-14.315515709000001,-1.7127890894
ebastabiilsem,1,26.1017562143,-4.0098644835
maisem,1,46.59601348970001,12.603664351900001
kõhukam,1,40.3911032836,22.762988305500002
eksklusiivsem,1,4.6610906351,-5.7101467398
resoluutsem,1,21.210170818399998,-3.2332087063999997
õppinum,1,2.2844304438,-2.2487013716
siivsam,1,-6.4677973639,-2.2209324969
tervam,1,2.2126489955,-2.6672168605
realistlikum,1,17.2024346848,2.1039912457
vaevarikkam,1,28.0803828823,-4.1614585608
huviäratavam,0,58.0917745631,-35.452731434499995
lühem,1,21.8652930221,-0.2061924063
ekstsentrilisem,1,20.6484147372,-3.8578708151
läbinähtavam,1,29.2007164939,8.2568273006
ebalevam,1,30.1036385008,-6.838845064299999
salajasem,1,-33.2968125233,-5.0574874917
hõlmavam,1,-18.6254665799,-3.0244696966
paljam,1,14.6973688901,-3.2212080991
idapoolsem,0,-43.3578514877,-1.6639289738
labasem,1,-26.963052686399998,1.0318811201
julmem,1,0.9693922118000001,3.3837954966000003
sõbralikum,1,7.7830815511,12.8422283228
raskepärasem,1,53.25444077109999,-4.9068006988
laisem,1,-3.5187590016000003,0.9933808591
natsionalistlikum,1,16.975000443800006,-24.1725116185
krobelisem,1,54.819011707,-5.9834796286000005
vindisem,1,56.0648745318,-8.6212190209
vaimuvaesem,1,19.0284488978,-4.1704827617
hiljutisem,1,-37.5115400706,-0.4158397982
dekoratiivsem,1,-7.9671202047000005,20.4220265214
mustem,1,-20.7230586863,-1.8462629631
romantilisem,1,-4.2290842316,1.3791118972
häirivam,1,-25.997897685399998,2.2068713889
suuremeelsem,1,54.2754700329,-6.9818641629
edukam,1,-21.594832628400003,-0.4073489851
vastandlikum,1,-18.5985881103,-2.4236725228
otsitum,1,-27.666421106399998,-0.8703347288
plahvatuslikum,1,12.199127121300002,-12.0311501584
nigelam,1,10.7965033291,-4.1513999757999995
omanäolisem,1,-30.0204304177,-0.4828464037
sobimatum,1,-16.6057640627,-3.1606116026
konkurentsivõimetum,1,35.2153237459,-8.8944971852
kauem,1,42.8986725201,-0.3034076855
puisem,1,31.5069563686,16.6866226798
läänemeelsem,1,-10.4911061178,-1.2674871531
individuaalsem,1,55.6948063564,1.0938073455
väljakutsuvam,1,-0.8739931745,-10.4382118226
ülekoormatum,1,-20.5994809853,-12.4646268495
rahvarikkam,1,-28.805630148600002,7.473821255800001
ühekülgsem,1,42.4246631935,-5.683045977999999
tumedam,1,33.867936128800004,-0.4149677275
hapukam,1,53.812003941,-5.3292857892
harmoonilisem,1,-19.6414198486,1.6951229630000002
kuumem,1,-24.7760057152,-2.0501188107
laiaulatuslikum,1,13.6224867378,-2.0608425930000003
vahvam,1,0.3163978241,11.9018112625
tillem,1,4.3478377492,-3.3753759544
kohmetum,1,-23.5806482293,-0.5813248232
struktuursem,1,55.282385004300004,-8.0274214668
kahtlasem,1,23.852243613200002,-5.1543577502
vihasem,1,1.8660511046000001,-3.8996967941000023
hambutum,1,24.224363629299997,-9.7828533054
karastunum,1,-27.571324090700003,-0.5415422772999999
varjatum,1,4.807464062699999,3.7993016695999997
sapisem,1,48.4701654775,-3.4424076899
konkurentsivõimelisem,1,-21.4380492975,0.4960746285
arusaadavam,1,25.5432253192,11.4068125363
mõistuspärasem,1,55.253152184799994,-8.5992239817
pikantsem,1,27.502517582600003,-18.2645048579
maapealsem,1,53.866754031800006,-5.1322891318
masinlikum,1,57.797422973100005,38.2414629743
hermeetilisem,0,55.4606120381,-27.274614270100002
funktsionaalsem,1,42.3465091075,39.0241682176
lõdvem,1,48.9715435515,5.9679894721
äpum,1,56.3814263509,22.7894791111
ekstravertsem,1,29.3815117493,-4.340012463
lollim,1,-7.5392498849,-1.8507331582
operetlikum,1,21.4207963606,-6.8730770809
tunnustatum,1,-36.082753178699996,-2.7236720819999998
mahajäänum,1,-28.4751649516,2.0595534503
üllam,1,-12.2570286396,1.9343543982
mõjuvam,1,-0.5662268361,0.7861988204000001
perverssem,1,-2.4424556991,-3.237562866
jaburam,1,-15.619123825299999,-5.5074146462
asjatundlikum,1,1.2609685602,1.2772172990000001
vängem,1,12.9052774211,-0.8055810398000001
kummastavam,1,9.304550693300001,-17.5947499547
kurnavam,1,-6.639143241599999,2.7168308632
tolerantsem,1,28.342245298,2.0722772439
proosalisem,1,54.2801945991,18.589620173
huvitavam,1,7.9410739354999995,10.4346459254
andekam,1,-26.7055981468,1.7157645959
ülevaatlikum,1,3.2971512728,-0.7681381012
introvertsem,1,11.4217870468,9.5652906825
vastutustundlikum,1,3.6641548888999997,-4.2885834717
riskantsem,1,12.9768237536,3.2451029259
jässakam,1,52.625750801,-5.758774386900001
paljutõotavam,1,-37.6320516466,-0.0740977326
kulumiskindlam,1,59.1033361079,37.994790744899994
kommunistlikum,1,18.6123138905,-3.156268719
eestimeelsem,1,-16.906871181,7.567048774400001
tolmusem,1,-6.3545874014,-2.7557146603
kärmem,1,-5.562147615,-11.081412260799999
tuleohtlikum,1,-33.0151196668,-0.5797606397999999
reglementeeritum,1,49.743324565600005,-3.6035384643
üksikasjalikum,1,31.9038165704,-13.6595501099
katastroofilisem,1,22.9182209665,-15.067210447599999
diplomaatilisem,1,56.7808142349,18.9415480195
kaugeleulatuvam,1,-26.9237903777,-1.0325523531999998
põnevam,1,7.1500517339,5.863629900399999
patsiendisõbralikum,1,4.4334666348,-14.044228775599999
põhjendatum,1,4.4806739079,-2.5066786956000002
vahedam,1,11.5963068053,-16.6838121715
ebakvaliteetsem,1,-27.2367861887,-0.7950333316
rütmikam,1,51.902216193,-4.642314121
lohisevam,1,53.762091679099996,-7.4246143718
tülikam,1,28.8244852464,3.404148445
kesisem,1,19.9017555786,-0.9278318192
täiskasvanum,1,54.2016739212,20.731785251199998
jahedam,1,28.7272573654,-2.8469805681
halenaljakam,1,-16.9833927221,-9.8062814031
saastavam,1,-35.5467081911,-0.1150485955
üldistavam,1,-32.210894507,-6.9540667088
perspektiivitum,1,-17.8384265699,-7.6218446298
vähetõenäolisem,1,-9.7010361643,-2.5487095939
mannetum,1,-3.6159681664999996,-13.8994638115
igapäevasem,1,-14.3262885871,2.0460997313
imetlusväärsem,1,-12.895090359100001,-7.927955071299999
hirmsam,1,-21.8439735164,1.4787519094
isepäisem,1,9.245579875399999,-8.312651666599999
ruudulisem,0,56.9273629205,-21.291786178800002
kompromissitum,1,4.9616641265,-14.6942188277
egoistlikum,1,24.0179862775,-12.9413374777
põhjapanevam,1,-24.728366930500002,2.1534071453
keskmisem,1,-37.0092175317,-0.032387200299999995
lõunapoolsem,1,-39.9897146268,-0.1742426157
sagedam,1,12.2213009354,-4.1624274505
heldekäelisem,1,28.336867898,18.9474266621
tavalisem,1,-37.9061508006,1.0945999229
täiustatum,0,57.081727891599996,-22.3644635892
personaalsem,1,57.0350972647,-1.5848186556000001
säravam,1,-12.3389463128,-5.8129034566
lugupeetavam,1,-28.19105400110001,6.858347192899999
modernsem,1,-3.4089863406,5.9039645739
koledam,1,-18.232711621500002,-1.2642059012
ettevõtjasõbralikum,1,21.1700744222,-4.2537358512
mängitavam,1,-5.6751807446,15.8490175122
rabedam,1,36.5984590177,4.2646964715
kergemeelsem,1,-3.0283746636,-9.178935464
pessimistlikum,1,-0.172505784,-1.926889689
rahvuslikum,1,-11.218642436400001,4.6908020266
pühendunum,1,-26.9412484556,-1.4095663545
võimekam,1,-6.5143414091,-0.3172052608
pinnalisem,1,13.2091642157,5.556451610599999
erinevam,1,-36.175139523,1.033069176
kohmakam,1,24.1791331778,9.536175157799999
universaalsem,1,-6.904906613,-5.9753924973000005
sobilikum,1,-37.3116370896,1.680362871
vastutustundetum,1,-9.1394053455,-10.9396587308
odavam,1,10.832121902699999,4.7823811725
talitsetum,1,54.0915841036,-5.680593205499999
tehnilisem,1,33.5265342808,0.09603741589999999
omapärasem,1,-36.7154621286,-1.0115466673
hellem,1,-32.5808094304,-4.3697753631
lopsakam,1,30.581884011,-7.902692015
isemeelsem,1,52.2785442357,-5.8264207127
religioossem,1,11.5877291866,-6.8873001973
keskendunum,1,56.0628027395,24.1330358909
rangem,1,23.6578556754,0.9739013095
tavatum,1,20.5120402035,-11.430395402
räbalam,1,60.2845344578,45.242276493599995
positiivsem,1,-5.192590790400001,0.23215650100000002
viletsam,1,3.0895122756999998,-0.1219684977
metsikum,1,-9.1321938363,-2.8373840216
koostööaltim,1,42.95589937020001,33.244923999099996
sajusem,1,3.6428257138999998,-2.7260529356
kurnatum,1,51.1794438017,-4.6192306196
kaugem,1,0.9604881229000001,-2.6726315569
intuitiivsem,1,58.4285279106,21.721849599699997
aktuaalsem,1,22.1527356532,-9.7610583074
pakilisem,1,-15.747654793099999,9.033000298300001
kohevam,1,53.0668925413,-4.9457468112
jahmatavam,1,-4.343502055,-20.179411046400002
sõnakam,1,4.9111301031,11.0105215452
töntsim,1,52.1898586418,-5.3092650442
kasutajasõbralikum,1,31.0729071288,15.986052591099998
rahvalikum,1,13.8318355465,2.7610358893
nooblim,1,-18.2011464949,-1.3561053344
elementaarsem,0,-44.66373642510001,2.0812452361
efektiivsem,1,-2.5091108127,3.9762859943
eelistatavam,1,19.4685956016,-3.1978200969999997
argisem,1,2.524478244,7.2660857473
resultatiivsem,1,-14.4301537643,0.0797496328
maitsekam,1,2.5479260531,-2.6050999056
enesekindlam,1,40.7357347483,12.1005666605
silmatorkavam,1,-36.9279246606,-0.9902986063
õhem,1,17.0010758216,-3.2554892332999996
kriminaalsem,1,-2.6328220556999997,-3.5028964619
fantaasiarikkam,1,-13.5457065022,-2.0397853222999998
mõjuvõimsam,1,-29.132466350399998,-1.5037551066
ärksam,1,11.2671609169,6.6795078029
iseenesestmõistetavam,1,-19.0836962081,-1.4119125319999999
ebaeetilisem,1,9.1725395305,9.3611307444
raudsem,1,3.4974794146,-5.4107117547
totram,1,-20.7594698308,-5.875214027
levinum,1,-37.355393207199995,0.6423158943
hallipäisem,0,56.4710268782,-27.9646486947
ümmargusem,1,44.8746628065,-1.3777925149
hoiatavam,1,-6.8372514216999996,-2.7214694452
surmatoovam,1,-13.0777978278,-1.9831517968
ürgsem,1,-4.27727836,-8.122373338400001
lillelisem,1,2.3731160377,-2.7658570400999998
keerukam,1,33.4931618959,0.4758751513
kurvilisem,1,26.512773438299998,-3.3587373308
suurepärasem,1,9.5082608991,-16.736906281
palavikulisem,0,57.64948936060001,-23.977660116
likviidsem,1,-19.356706434,6.1133874674
arvestavam,1,61.7371342092,48.4146058778
lollikindlam,1,-28.8352286648,2.2312876075
bravuurikam,1,1.0785651545000001,-1.7461224396000001
ligipääsetavam,1,14.7866602854,14.585054194100001
šikim,1,21.393574882,10.961741715899999
delikaatsem,1,0.3964972723,-3.6545165652
jubedam,1,-12.282728823900001,0.2029757706
regulatiivsem,1,41.1521600027,-4.9225046057999995
ettevaatlikum,1,42.8694643984,1.6928264025
kõvem,1,-3.9089897192,2.2064086753
jälgim,1,-25.1858152137,-5.1577821316
harvem,1,54.7811526366,-7.0736581847
ligem,0,-43.185372100600006,-0.0805503983
rentaablim,1,3.2799813569,-6.8929985888
usklikum,1,-11.5452054213,-2.5439568118
sügavam,1,28.601806037800003,1.1572321937
tormisem,1,-3.1391033333,-10.39619871
tuumakam,1,23.6824645236,-8.3039126184
targem,1,-6.5569946043,10.9177266964
ebakindlam,1,24.7572424608,-3.9848210700999998
esmasem,1,-35.651313328200004,-5.3213081486
hõrgutavam,1,-30.3852885152,-0.7949024923000001
filosoofilisem,1,28.9901612852,-0.4051923875
õigem,0,-41.462728216900004,1.2958447645
motiveerivam,1,-12.094074099,12.9271614564
kohustuslikum,1,14.0440295567,14.7472718185
minoorsem,1,56.43961994399999,24.0461924488
lärmakam,1,-1.1375233015000001,0.9736988479
täiuslikum,1,0.8080496442,-2.5883661189
voolujoonelisem,1,51.5992996271,-5.0545073772
vihatum,1,-40.0313871591,2.9331683902999997
modernistlikum,1,3.4202757182999997,-2.5576385063
riiklikum,1,50.8687144894,-4.2822830018
provintsistum,1,48.67200979770001,-3.4764381342000004
enesekriitilisem,1,43.8335508217,26.565747058899998
fundamentaalsem,1,-4.7344800339,5.6926535499
talutavam,1,28.3394745002,5.1871121232999995
totakam,1,-4.69963813,-13.8861326892
tahkem,0,56.2810473696,-19.5994438092
kammerlikum,1,47.017257442100004,19.0255738853
pretensioonitum,1,54.5333306391,-5.5086238248
muinasjutulisem,1,-9.0314606354,-3.6143221118
staažikam,0,-41.4972573939,0.035651622
algelisem,1,-35.3111693957,3.0371055267
vähemtähtsam,1,14.5818243344,-8.6015647583
visam,1,-20.5126620359,7.4553401599
moodsam,1,-22.1628740822,-0.07801819480000001
valgustatum,1,-28.403074423899998,-0.3863904962
tegelikum,1,55.7850557968,-6.63023446
tulemuslikum,1,-19.9329202577,1.0267898186
selgem,1,31.028479281,7.0178301162
söakam,1,-2.4190715343,-3.748515823
meeldejäävam,1,-37.4252201749,0.7785486925
töörohkem,1,-40.9194546482,-2.8211466033
süngem,1,11.756780043,-5.611950659
läbimõeldum,1,7.1493209138,7.2020575774
heatahtlikum,1,5.037429632,13.07769177
autentsem,1,-21.0350411827,-1.0625359557
saagikam,1,9.8008979545,-2.7136964773
täbaram,1,4.616507532,-12.2794530571
tuulisem,1,-10.210643294299999,2.4493677034
problemaatilisem,1,-11.079819272,-1.713598397
koletum,1,12.509410709800001,-21.7718719969
ihaldatum,1,-36.1609180324,-0.5384542062
minimaalsem,1,-26.0035094245,-0.7351757307
kandilisem,1,44.0840778004,-5.6397042341
heledam,1,32.7074283942,1.1741263456
valurikkam,0,55.0781012775,-27.3561821413
ebahuvitavam,1,-3.155511573,9.6586776633
piinlikum,1,1.3797618838999999,-9.2070302073
kahvatum,1,37.591391884699995,1.0036193534
võõrastavam,1,-6.3833928451999995,-4.6565730334
raksem,1,22.4530396701,-8.6383194169
l2bim6tlem,1,48.7060543569,-3.5444340149
jõledam,1,-28.7907014735,-3.2225429164999997
kõnekam,1,9.7367570365,2.1259175502
kõbusam,1,38.213140636,-4.4055542679
innovatiivsem,1,-35.176305392399996,-0.39645415100000003
eitavam,0,60.0868535413,-40.5497505722
kannatamatum,1,40.3543076026,-19.2144550099
vaiksem,1,29.078443735100002,-0.1139143435
kindlam,1,-8.9988697854,3.0407411713999997
suvalisem,1,-26.9587065336,-1.7865803558000002
südamelähedasem,1,-27.5508886627,2.5952111442
killustatum,0,59.1128038249,-37.5277948986
tarvilikum,1,-13.1934382592,-3.1189389993
viimistletum,1,24.2249064742,-8.5863600067
tormakam,1,21.770988325700003,26.3052473206
intelligentsem,1,14.3247512229,0.6360489543
mastaapsem,1,32.5793716796,-3.0380285186
krehvtisem,0,55.8430798743,-20.4926170985
energiasäästlikum,1,16.8997567324,-9.1574864355
imperatiivsem,1,52.6050811386,-4.861698559100001
ilmselgem,1,-37.325742868,-0.6966167718999999
happelisem,1,52.7599882965,-7.3169698025
muljetavaldavam,1,-14.821933680599999,-0.6602465114
hapum,1,48.196059706099994,7.2216429352999985
mõtlemapanevam,1,16.3318039356,-8.3921657076
kollasem,1,23.8934083834,-8.1267154986
hoolikam,1,27.0165836127,2.1879354934
tüütum,1,-9.233829696499999,5.6217714012
karmim,1,20.8187097129,-3.1077951104
tempokam,1,35.0141852252,-17.694419546
inimesekesksem,1,-15.048249331700001,-0.907995694
sütitavam,1,52.6822856251,-5.135668942300001
suvisem,1,55.263396111800006,-6.2343694239
karusem,1,17.918252516400003,-2.6877562106
tasandavamas-traagilisem,1,48.544846684300005,-3.4685012019
kärarikkam,1,-6.378950895599999,-4.0061830446
õnnestunum,1,-40.267225421999996,0.2004519327
mürgisem,1,-19.922684906,2.7093238781
omasem,1,11.5361281235,0.1268463543
kaootilisem,1,45.0511164475,2.7034365541
tähelepanuväärsem,1,-19.676881883900002,-6.9390286116999995
kuivem,1,5.1252374677,-2.9699208442000002
vähemolulisem,1,21.1561980597,-8.0231862638
ärritavam,1,-7.096789911,-6.2361162578
märjem,1,2.2207444444,-4.695748146000001
hubasem,1,36.8604275564,-6.11559397
umasem,1,48.700645093599995,-3.4531793826999997
linnalikum,1,21.7204660056,11.157770428800001
väljakannatamatum,1,-8.8206798714,-6.5015359054
pöördelisem,1,-26.7947323597,-5.2172871972
parempoolsem,1,-21.293252862,-4.3107617330000005
saladuslikum,1,-11.8158714154,2.5803589835
legaalsem,1,18.4819407917,-2.8435189468
töökam,1,-18.8159047244,16.4846451214
elutargem,0,54.374821401400006,-11.728873869800001
tehnoloogilisem,0,57.525949106400006,-13.154152531400001
süstemaatilisem,1,34.701238357,24.8202761092
isiklikum,1,13.821407926300001,9.3188769707
mitmetahulisem,1,53.322172547700006,28.778661240300003
loodussõbralikum,1,-31.857262935300003,12.1097239591
unikaalsem,1,-34.8208836767,-0.6592492228
uuem,1,-24.0782277529,-0.4389559172
maiam,1,-5.6052878789,-5.025652925299999
seadusekuulekam,1,-23.6278349195,-0.5663354752
pühalikum,1,2.1693540875,-2.1089191825999998
täielikum,1,-4.6772853532,1.2780658279000001
tinglikum,0,55.7086632552,-17.0991093886
kuritegelikum,1,-29.2765877308,-0.38202507630000004
traditsioonilisem,1,-10.5198010723,0.2514133314
õnnetum,1,-13.9542933895,-2.7152173417000003
neurootilisem,1,26.0838602083,-2.7427385791
konkurentsitihedam,1,9.18924102,8.5453410705
vaimsem,1,15.627176087899999,2.4302111361
sisulisem,1,21.1717231764,8.7025977246
korralikum,1,6.894802985399999,1.855319531
seltsivam,1,22.7925172741,26.173411672600004
küsitavam,1,32.982836458499996,-7.7226257281
jõhkram,1,10.414652326,-4.379583031
vedelam,1,15.5560904824,-3.8226703125
kohatum,1,39.8014869848,-23.9652019708
autoriteetsem,1,-36.555899744499996,2.8503430396
meelitavam,1,5.2587744829,-12.641511466199999
lummavam,1,-14.2362681959,-1.4387953798
kõrgetasemelisem,1,-18.5731944194,1.9091974747
rabavam,1,-6.282039433,-0.42862412850000003
valutum,1,-17.4212049324,7.9954553436
hullumeelsem,1,-8.9498262648,-9.572209966299999
esileküündivam,1,4.4452841264,19.915354996199998
ülekaalukam,1,6.3649018559,9.3327038926
tüüpilisem,0,-44.7363427152,-0.7106124198
ropem,0,-41.2148746631,0.1222025947
kõrvetavam,1,22.6794906704,-19.021202124400002
debiilsem,1,-31.0041474558,-0.6597211386
varakam,1,16.0560874028,-5.9393196233
võõristavam,0,24.556016043400003,-33.8945829521
dünaamilisem,1,-16.0952641473,3.1775128533999997
riigimehelikum,1,3.0125638302,-3.0830161302
avalikum,1,12.491797245799999,-2.3987466616999997
pinevam,1,28.311174928200003,-5.8638477263999995
sportlikum,1,-5.4056956548000015,-1.2735243305
tigedam,1,25.6563165156,-8.4848465467
mõistusevastasem,1,6.0486471381,-17.456002564600002
hinnatum,1,-34.543060841599996,-1.5506833832
ustavam,1,-40.6211080174,1.3798869857
vägevam,1,3.4165747157,-1.5068034571000002
piltlikum,1,30.9197270931,-26.3042523341
eluvõõram,1,56.8818944979,23.3548401992
täidlasem,1,27.273035266999997,-3.5697254633999997
stressitaluvam,1,56.315811778400004,39.3670851962
tuntum,1,-35.9309066299,1.731042395
julgustavam,0,-46.2282765962,-0.3016787912
ühepoolsem,1,8.8599577991,-14.896835604300001
hädavajalikum,1,-39.0869735492,-1.5666233096000002
rutiinsem,1,3.2324094646,-4.2316144687
loomulikum,1,-12.433959729200001,-0.3705553591
intiimsem,1,-4.6640311039,1.5547800951
haigem,1,8.533611878099999,-3.9585724586
tegusam,1,-17.6461698439,-1.151660915
sõltumatum,1,-11.7692275282,3.9268697249
popim,1,-16.4217563883,-0.1268980833
unisem,1,26.9460559934,-6.778359888300001
valdavam,1,40.6979939635,-13.930133245699999
kokkusurutum,1,56.2332068013,9.5011555552
tundelisem,1,18.6431055395,-3.8390525968
jõulisem,1,17.5935108025,1.6279430237
tähtsam,1,-29.827471072399998,1.2958996440000001
hädisem,1,1.3938416586000002,-14.373774326500001
roosilisem,1,-3.7393481769,5.3150685243
seaduskuulekam,1,-17.0222709175,11.0912245553
robustsem,1,30.9896036906,6.4854392263
ajakohasem,1,-0.7995873455,-5.1747873702
tümpsum,1,48.528707959399995,-3.4154109580000003
rahutum,1,24.708533557800003,-10.6562587738
arusaamatum,1,29.720895265,-7.316671864500001
ihaldusväärsem,1,-22.1113243275,5.2306446824
kõrgem,1,9.2656013751,0.38392067350000003
ebaadekvaatsem,1,54.20829771,-8.2156749598
erootilisem,1,-28.188831390700003,4.934956133
rahvusvahelisem,1,24.4330170954,-5.757846192100001
vajalikum,1,-19.1595955325,3.3917635214999997
enesekesksem,1,14.3043517809,14.6646191462
jäigem,1,32.356150207199995,-4.3646321371
alternatiivsem,1,-2.9666365979,10.5060100897
tagurlikum,0,-42.8476649982,-0.5141760452
tähelepandavam,1,4.1714992664,-4.4281144388
mahlasem,1,-9.1767408649,-2.47347709
ilmalikum,1,5.516466090700001,19.216018877899998
majesteetlikum,1,31.941846327199997,17.332258906
kiledam,0,56.3992454299,-28.3831641837
tantsulisem,1,42.7196175368,-24.443951614099998
tõhusam,1,7.9094648924,6.8910474833
rõõmsameelsem,1,37.6868407381,-7.6512037410000024
nukram,1,30.7596621746,-6.1638795196
erilisem,1,-1.7739713621000002,-5.1774324474
leppimatum,1,9.571652541699999,-8.0698437911
nõutum,1,-18.4251753643,-4.3345981491000005
kogenenum,1,-0.752900488,-2.1744905961
vähenõudlikum,1,-3.3210128667000003,4.4751699739
raevukam,1,7.540532444,-12.0063896203
lustlikum,1,10.5586470611,-5.3821065551
keskkonnasõbralikum,1,8.7110466703,6.9380895187
karmikäelisem,0,57.8263015087,-35.9349587338
konfliktsem,1,-2.4693782649,-3.7593866581
hapram,1,36.0562395472,-8.8651465023
hillitsetum,1,56.3859697004,23.9287487117
ründavam,1,46.01624809810001,-6.632145249400001
kliendikesksem,1,51.3399108439,-4.7178707992
rahulikum,1,43.2730049949,14.017435396
pisem,1,-9.7816600214,3.7147745661
informeeritum,1,-7.2992412262,15.182757761600001
väheaktiivsem,1,53.8711276703,-5.6740562349
kannatlikum,1,-8.5525568659,-1.8661717146
raugem,1,50.7237683759,-4.228307722
uljam,1,9.9897902881,-0.7917482968999999
prestiižsem,1,-30.5688430775,-0.7419452151
vaadatavam,1,-39.7353285369,2.6469602734
erapooletum,1,3.5163312245999996,-2.8325319810000003
juhmim,1,-24.0412617593,-1.3999784212000002
nupukam,1,-6.332463508200001,-4.6793110392
paslikum,1,-20.755557048,4.5422970133
kaheldavam,1,31.017550177199997,-12.7413136716
osavõturohkem,1,-13.292217720899998,-3.9544248887999998
õõnsam,1,26.8073443308,-14.4355725331
ehtsam,0,-41.4310271074,2.0225389815
standardsem,1,-9.8023871358,-3.3843646119
staazhikam,1,-33.4318047402,-0.38816556729999996
külmem,1,0.6824175591,-3.4414776608
vahetum,1,-12.1012847367,9.253741742
mõtetum,1,-6.4605387223,-3.6610923147000003
ebatäpsem,1,37.0665003538,-0.5545374055
vilunum,1,-18.700272707699998,4.8743204112
hoolimatum,1,40.1613174379,-7.5074953853999995
kelmikam,1,26.0620801283,-10.2926380012
prestiizhikam,1,-31.8738356713,1.7244616057
klaarim,1,44.669931107,2.6921239544
laiapõhjalisem,1,20.980862415,-8.3442538788
tõbisem,1,-13.4449069525,-1.8772372422999999
aegavõtvam,1,18.5165525248,-2.8994195875
illusoorsem,0,55.7076348891,-11.1164632893
agaram,1,-31.7107676277,4.5253872173000005
kunstipärasem,1,-12.582867491400002,13.0422655927
kaudsem,1,38.598654128,-4.3202067592
veendunum,1,-33.289225738,-4.569480324100001
tulusam,1,-9.6249662953,2.6475886717
ebamugavam,1,15.881093458199999,1.0979221679
eakam,1,10.511168814500001,-3.0919536012
maitsetum,1,11.9648783014,-7.1301403849
vastutusvõimelisem,1,51.160163465299995,-4.5632228523
muhedam,1,29.4626310167,-16.1736551472
häälekam,1,6.0078808441,-1.3647166308
paadunum,0,-46.2918283465,0.2460544359
eetilisem,1,-8.8955940976,13.5303891535
mõrkjam,1,53.573656983,-5.1466825095
lihtsustatum,1,-4.1244933294,-2.1834745092
teadjam,1,18.3306250466,-3.3798661088
mängulisem,1,49.65169725760001,15.972092718299999
asjalikum,1,16.9537814898,6.1034368996
hämmastavam,1,-11.783595659100001,-12.408849806800001
pealiskaudsem,1,22.7645167948,3.1576289069
kopsakam,1,33.3276060493,-4.0947252247
humoorikam,1,-33.0813556212,-0.4554961477
löövam,1,-21.6518276823,-6.696152064600001
üksildasem,1,26.1647580852,1.4106997046
naljakam,1,-29.7908729489,-1.1976543444
tuttavam,1,7.329885807999999,5.3534653105
lubavam,1,9.1264207162,-2.9594776649
algupärasem,1,-12.6370509396,13.1739923179
taunitavam,1,17.3593094027,-9.719425431
lapikum,1,13.678439488499999,-6.1271168416999995
lineaarsem,1,30.1886758558,18.2180618989
täpsem,1,20.9217611487,-0.073469711
igavikulisem,1,24.4433475659,9.5295432133
põhjapoolsem,0,-44.339906286,-0.5126122167
moekam,1,-1.8840796880000001,-2.0065472009
kiretum,1,4.2390432312,19.9072036441
eksootilisem,1,-19.5498416807,-1.3957972449
ebasobivam,0,-42.9556453878,-0.6218952475
rahvuskesksem,1,0.5039329456,-1.5299162853000001
head-parem,1,53.810749811099996,-7.5035778359000025
rõõmsam,1,33.5146477805,3.7125243888
meloodilisem,1,12.8198792124,0.1957400786
pragmaatilisem,1,36.7038857252,17.3961861399
painduvam,1,57.483476635200006,18.052534660899997
algsem,0,-41.7747041696,0.11837943279999999
edumeelsem,1,-4.3401573151,7.0081297222000005
eelistatum,1,5.9453329010000004,-1.564132167
tervislikum,1,0.3972548396,15.512404214000002
monumentaalsem,1,-13.1594811937,-3.7133112392000003
elujõulisem,1,-16.8373024843,2.5974063404
boheemlikum,1,52.9917120512,-5.3083921044
hirmutavam,1,6.8158537522000024,-11.743579891700001
intellektuaalsem,1,25.466515081999997,4.7496504260000005
võitluslikum,1,21.1083437608,-8.3021965898
sündsam,1,-20.2900533601,4.2161899849
katsetuslikum,0,55.26516158890001,-27.4620697627
hilisem,1,31.186046737399998,2.9258415261
hinnalisem,1,-23.888481316700002,0.9578633975
lapsemeelsem,1,2.0697795011,-2.3210066563
püsivam,1,-1.177372493,6.3204646121
tagapoolsem,1,47.235972823699996,26.1206668977
erutavam,1,-7.854943124299999,13.274027578800002
põhjalikum,1,15.8542720874,3.3717766632
märkimisväärsem,1,-19.964699473499998,-4.7140737097
monotoonsem,1,4.3891238379000015,-13.785650941300002
alalhoidlikum,1,35.7514635397,13.035959388499998
eestikeelsem,1,59.583560204799994,52.96363759649999
kapitaalsem,1,33.9807290242,-13.0920728177
meelelahutuslikum,1,-5.3634474501,-12.4179920399
alam,1,-19.4190437449,-2.5792811441
ebaloomulikum,1,22.7360039723,3.5761047741
peenetundelisem,1,12.780402670299999,-3.1231965933
korrektsem,1,-3.7961972706,7.8358701362
kokkuhoidlikum,1,17.634425078699998,6.4054065001
altim,1,-3.0324378029,13.1696148044
ümaram,0,50.3248006838,-9.3437268513
hädalisem,1,-35.7555753766,6.2953777236000015
kahetsusväärsem,1,-15.1038696951,-9.566886696000001
tublim,1,-15.4149615189,3.7936578856
müüvam,1,4.8573597231,12.0951299379
verejanulisem,1,-15.7789127701,-6.2270939498
ebaharilikum,1,-35.1168697576,-0.1909588688
veidram,1,-9.1661918394,-8.8616566566
hallikam,1,52.5669122433,-4.8513538071
võimalikum,1,7.9708367756,1.9676703513999998
ehedam,1,-30.9642921657,0.6766180643999999
nürim,1,-6.0272567702,-10.9498513906
vastuvõetavam,1,-11.656542480799999,11.5010402027
sarnasem,1,5.3567009769,1.9845051462999999
tsentristlikum,1,26.6050935463,-3.3614597750999997
siduvam,1,13.5261226094,-3.2662431426
arvestatavam,1,-21.5312984168,-0.3641654185
põhjamaisem,1,-7.711011485399999,-1.7202917348
kalgim,1,16.9245717596,-6.8102399731
optimistlikum,1,-3.7363897866,0.43142543229999997
kombekam,1,16.7630848511,7.7876988835
etnofuturistlikum,1,48.526364996999995,-3.4569536088999997
kosmopoliitsem,1,29.652694965300004,31.841420598899997
laialdasem,1,12.7963741244,3.0808468228
professionaalsem,1,6.243733731900001,2.426482315
uimasem,1,34.6062101621,-6.2965764625
tervitatavam,1,-15.571182869100001,-0.8965815033
hullem,1,8.1334558976,-1.9758714712999998
anonüümsem,1,19.7466879467,-4.3363545398
teaduslikum,1,20.1861128828,11.8379185957
vilkam,1,0.1808082738,1.4224052647
kivisem,1,26.0061162203,2.5717733818
komplitseeritum,1,38.4843613874,-1.7821377474000002
ihaldatavam,1,-5.0423814556,5.2582173031
populistlikum,1,-5.8201006077,-9.149659550700001
virtuaalsem,0,57.204319266899994,-16.111062169500002
äärmisem,1,-34.7339837844,-0.9691076678
tõenäolisem,1,-26.0269008681,1.6603118088
ebaühtlasem,1,11.3173904101,-7.888202382899999
inforikkam,1,29.095772633899998,-7.0876643565999995
tormilisem,1,5.7434212475,0.9951750396
energiarikkam,1,20.8029652975,-4.1478212967
kriitilisem,1,-13.168933748499999,-1.5016009216
rahvasõbralikum,1,18.996953098800002,-4.5524587434
tundlikum,1,-18.188276618499998,5.8281501961
elitaarsem,1,9.3092712721,-10.3586673988
nõutavam,1,-36.8566516343,0.17753923100000002
väksem,1,19.9363010069,-3.145435243
õnnelikum,1,-18.6331253779,6.817748344400001
lahedam,1,-11.4656853674,8.282004395
kasutoovam,1,4.245670648,19.9148728987
prestiizhsem,1,-27.5540159187,-0.7474966209
lõplikum,1,-7.8284389198,-1.7562990908000002
elegantsem,1,0.8398632031000001,0.42670746369999996
võrdsem,1,15.281222813800001,-0.1666382118
ahnem,1,7.9730458487,0.1896929281
sädelevam,1,23.0693266262,25.5432001771
söödavam,1,1.9236983477,-2.1581950597
valivam,1,57.0763889757,11.5919264438
vabastavam,1,52.99422219229999,-7.0197747537
euroopalikum,1,11.450833855299999,3.1369460418
ebavõrdsem,1,-8.7118753888,-14.624409531400001
osavamat-kavalam,1,48.5351154604,-3.4564350122000005
jutukam,1,24.9632613145,7.720967034400001
armsam,1,-28.5753042196,0.10748968880000001
tugevam,1,8.5498911419,3.5532147533
profim,1,-4.0693095437,-2.1506079126
pakaselisem,1,-4.1266077191,-13.3477390335
keerulisem,1,29.221566016599997,2.2170679917
monoliitsem,1,27.656364991300002,-14.4036300824
terviklikum,1,-12.047743499300001,4.4016304583
kompaktsem,1,29.789634213400003,-1.1502104737999999
vähem,1,40.1147880993,-4.516524383
pahem,1,34.6924473523,-18.9839289666
umbusklikum,1,-11.5477138729,8.8681592764
põduram,1,8.5136024052,-6.1298743027
ülbem,1,6.0683530026,-1.7011071246
viisakam,1,22.5962556894,4.5693855968
toredam,1,1.5169267269,1.6631027193
kujukam,1,-36.8554599156,-4.7498426525
lihtsam,1,5.8125669533,11.2004649514
tülgastavam,1,-22.8829345979,-0.79072482
hoogsam,1,34.9269029955,-10.2751745301
hõredam,1,46.5203234069,-4.96192982
õelam,1,-19.0086051472,1.7526755792
anarhistlikum,1,23.0465997951,-19.1271166788
lihvitum,1,56.76438378899999,2.8600053457
mahlakam,1,18.4205064092,-0.1917895839
humanistlikum,1,1.5221220035,-1.9098112003
konstrueeritum,1,-15.3032565054,-0.9623742747
konstruktiivsem,1,33.3242741035,0.38868772630000004
inimlikum,1,35.8640714931,12.310078414300001
valjuhäälsem,1,-12.467227079,-4.8355978043
surmavam,1,-5.087379137,14.6359389572
eredam,1,-26.9600856723,0.0400897185
grandioossem,1,-2.9091624881,-0.24351400690000002
usalduslikum,1,16.5229071756,-10.5559162391
sõgedam,1,23.4009763689,1.857259096
banaalsem,1,0.9595218798999999,-2.76801288
sobivam,1,-37.7871859494,2.4766960888
sujuvam,1,41.6838400292,14.2306331157
alaväärsem,0,56.1135064412,-27.6907437752
elukaugem,1,-13.5936658641,-8.8134285906
seltskondlikum,1,-35.1984767909,-0.2671652338
kirjum,1,44.766407642,3.1261973625
ebaloogilisem,1,-3.4431798227,-9.072101441900001
põletavam,1,-26.593862376399997,3.3299387823
vargakindlam,1,27.7968883804,-3.9883120567000003
konarlikum,1,40.9825501936,7.7141403725
poliitilisem,1,5.6111518365999995,0.19415759789999998
ebaolulisem,1,-10.6853978831,-4.1496622667
bürokraatlikum,1,38.6983723653,-8.4502850533
mässumeelsem,1,-7.8185454227,-1.8175920344999998
meelekindlam,1,17.4659802396,-2.3343085284000002
külastatavam,1,-35.3762665502,9.506084593099999
heterogeensem,1,58.78779681899999,-0.2714542814
valmim,0,55.574767330600004,-9.9459845446
võimatum,1,4.5366298156000004,-14.7877174007
õpetlikum,1,-5.8131127058,7.0012850367
aplam,1,3.5291505531,-4.7663791899
rõvedam,1,-16.2885903781,0.2347212983
mõistlikum,1,-24.1145211977,6.0419999395
nõudlikum,1,3.3310351301999996,0.6115263945
riskivabam,1,-4.925419146,11.0017211966
stiilikirevam,1,48.5514157111,-3.3753497464
globaalsem,1,30.9256093638,-8.6993091558
ebapopulaarsem,1,-18.3584958087,-0.8242968635
elamisväärsem,1,60.9700959281,36.210384225
kasinam,1,36.915827652800004,-5.777419613999999
haisvam,1,18.9537036546,-10.2122172592
taltsam,1,51.37150329560001,-4.6020411152
närusem,1,-39.1659627509,6.7021652758000005
loium,1,19.4773540208,-2.0901578188
laululisem,1,52.9411134178,-5.668038324199999
klassikalisem,1,-24.6680654731,1.015452655
tobedam,1,-6.0045525069000005,-4.405811803
rokkivam,1,0.8915048431,-1.6402348182
hedonistlikum,0,56.746159286899996,-15.0231243296
pingevabam,1,22.9983817442,25.853035094299997
teravam,1,10.477811518300001,-7.3035549526
napakam,1,16.8856548143,4.3299687207
tahedam,1,56.58442381060001,23.882213924499997
vaimukam,1,-14.5740129126,-3.1628286363
usaldusväärsem,1,-28.7200443875,3.5952983287999998
õpihimulisem,1,51.4626782996,-3.9071795575999997
uhkem,1,5.248467882,-1.3316170404
saastatum,1,-32.0150825452,-0.46684069149999996
isamaalisem,1,-35.4798242719,-0.09747909939999999
sõltuvam,1,38.443289743899996,-5.5299643091999995
väljapeetum,1,27.0806202107,12.4671720606
pruunim,1,14.9351096536,-8.6496736055
oskuslikum,1,-12.8113418233,8.1876643314
vähetuntum,1,54.551282381499995,-5.521933851900001
heatujulisem,1,51.0634513428,-3.9081437526
t6sisem,1,53.0235941914,-6.3973894866
paeluvam,1,-3.7533909319,3.9260684498000002
iseloomulikum,1,-40.352297787,0.7471293278
populaarsem,1,-19.478331186,-1.5721493823
täisväärtuslikum,1,13.6043893831,15.230147855799999
otsekohesem,1,22.4771334211,3.5373301334
üksluisem,1,38.6608801398,7.205326966
kuninglikum,1,-25.5230564284,16.7962748178
konservatiivsem,1,16.70854518,0.4146785545
auväärsem,1,-21.0112947585,-4.0236623189
suusasõbralikum,1,52.453954805900004,-5.1207443718
unenäolisem,1,18.954769756300003,-3.7531648711
eriskummalisem,0,-43.1772294996,-1.7496487982
saastunum,1,-11.2161413986,16.4004331673
provokatiivsem,1,-17.9316917509,-7.7089376184
rasvasem,1,34.9582817066,-3.43666268
piinavam,1,-9.386499725,-8.4688375254
marginaalsem,1,19.240168037,-8.8792087442
pealetükkivam,0,49.5118721089,-10.3574247667
naturaalsem,1,0.3884084497,13.6127637776
liigirikkam,1,-22.48176433,-1.4015586256
võluvam,1,-8.3397429475,5.8944516067
jäledam,1,-40.4678996779,-3.0354461643
ebasoodsam,1,-15.6659817113,1.6905405794
silmapaistvam,1,-37.5017779695,-0.10071753550000001
valjem,1,26.7743932409,-4.5664196318
kollegiaalsem,1,55.806359514899995,24.151464206500002
jultunum,1,1.7403059864,-8.4250235815
efektsem,1,-6.6068373651,-2.9957168745
salapärasem,1,1.7290357608000002,-4.1567498423
rahakam,1,25.0401749097,-3.4814193015
ähmasem,0,49.877002742799995,-14.164880596700002
kvaliteetsem,1,5.1203956939,-1.8921253237
imelisem,1,-22.0580271925,-1.8899055655
kogenum,1,13.5754987402,3.9502466647000003
saatanlikum,1,-1.918957905,-15.858571063900001
tõelisem,1,-7.500390314,9.4304589538
ajalikum,1,53.081512581999995,-5.1347047473
hüplikum,1,54.29558809970001,-6.3306049534
patusem,1,-20.770549963900002,2.3477842751
teistsugusem,1,32.853999718699995,-3.6120688161000003
geniaalsem,1,-18.6026811679,3.4696928514999996
võimetum,0,57.6521421618,-21.8838495652
tarbijasõbralikum,1,14.1485858305,-4.8511212886
vastutusrikkam,1,-18.1898601762,5.2310945515
potentsiaalsem,1,-37.4184175275,-0.2878284042
kärsitum,1,21.2284460603,-7.7328199782
steriilsem,1,55.1063463385,4.5261091566000005
lõbusam,1,25.9778321844,11.1177798285
teotahtelisem,1,20.733346930899998,-18.0601299641
volüümikam,0,55.3086434786,-10.3485902822
hukutavam,1,-11.2933348016,-1.9232253283
hiilgavam,1,-29.0497382481,-6.789058395700001
närvesöövam,0,-41.1638732283,0.1330783109
tulemusrikkam,1,-13.3683710434,-7.3494009125
primitiivsem,1,-13.8593023796,4.3060871554
mõistusepärasem,1,17.0862661916,-2.3180953616
armastatum,0,-44.3429422953,0.1633630758
ootuspärasem,1,-9.168298371,-7.3132449214
avameelsem,1,39.2109322825,6.730193459
halastamatum,1,-21.1873346758,-7.3980944986
meeldivam,1,-4.3067861893,13.314324434200001
stressivabam,1,59.8695910618,60.9226750106
probleemsem,1,-37.0903664654,-2.5027293908000003
elamuslikum,1,-19.54843884,-5.1321791461
kiireloomulisem,1,-19.160013169000003,-5.5207803672
rängem,1,-13.937001662,-1.9845315038999998
vormitum,1,48.4733571777,-3.4340541296
kõikuvam,1,3.8182060894,-6.4999859635
harukordsem,0,44.243180781499994,-27.3329604832
töövõimelisem,1,4.502771668299999,19.9209999397
hõivatum,1,-17.0472110289,10.5526331248
erksam,1,18.594116843800002,3.2110608924
kammitsetum,1,14.4414743282,14.752106973499998
kumeram,1,35.9708889239,12.133629211199999
looduslähedasem,1,36.6893772821,31.230017176300002
väsinum,1,44.5431765286,-13.0381459159
auklikum,1,-12.071520329,-11.8281293123
kütkestavam,1,0.3373811496,4.9666534091
kavalam,1,19.512803521600002,1.0598439066
temperamentsem,1,41.8444170407,-4.3334213426999995
vaoshoitum,1,48.8858374962,10.4100654278
meeletum,1,10.305331432100001,-13.6053147259
mainekam,1,-33.3517635479,-1.3822152743
hoolsam,1,-8.7962102535,0.7121527356999999
sümmeetrilisem,0,56.7434595789,-12.560354977200001
haruldasem,1,3.6265863019999998,-7.1966791766
ülevam,1,2.9273452804000004,3.2371200652999996
jõuetum,1,45.2244028648,-13.269920391400001
vastuvõtlikum,1,2.0284062824,9.6351708367
masendavam,1,-6.35835298,-5.6659854526
sirgem,1,7.508782285700001,-0.0411574315
ilgem,1,-30.4046863795,-1.2138069381999999
lohakam,1,27.6018103208,-3.8054715958
mitmetähenduslikum,1,25.3811563773,10.5875952729
harilikum,0,-43.0616852247,0.1454798735
pikem,1,18.507253586199997,1.6905538793000001
rämedam,1,-19.1829421255,10.2058630454
segasem,1,38.5815202487,-12.1009065928
kompetentsem,1,-10.6865614812,7.5943456691
pahasem,1,54.382166294399994,-7.5508249705
isoleeritum,1,3.9882965411,-6.1776308291
kuulsam,1,-29.541789224099997,-2.6392078808000003
fantastilisem,1,-18.847462503800003,-3.4838613373
sagedasem,1,-26.6042627248,0.0076694452000000005
usutavam,1,9.1164685494,4.9749267449
meeleheitlikum,1,-8.085855661,-5.9604833829
hirmuäratavam,1,21.3941731817,-13.666890784400001
usaldavam,1,3.3766305234,-3.5001735095999997
avaram,1,44.1619359114,9.748443374199999
ambivalentsem,1,27.3288293689,-17.017665553
rahumeelsem,1,-7.8888513036,5.8225498375
abivalmim,1,17.1549774593,7.0420887584
etem,1,12.7180715223,6.6605359155
tootlikum,1,-2.4466997356999998,9.32132657
mõtlemisvõimelisem,1,17.8180554495,-2.6801777608
innukam,1,-19.1822517515,-0.6168545081
ambitsioonikam,1,7.7111556845,1.8337081018
pikaajalisem,1,-15.3482134625,0.918220906
ideaalsem,1,-37.6023988874,1.0084439853
magedam,1,9.4073684161,9.8104427752
märgatavam,1,-0.7726889819,-8.861925406000001
tasakaalukam,1,35.4809606021,15.163511664400001
lugejasõbralikum,1,28.661769366799998,-5.718317943
ratsionaalsem,1,-21.2560319929,5.439726799500001
musikaalsem,1,-16.4300644418,7.4914584804999995
tänulikum,1,0.6612409049,-12.845136976600001
murelikum,1,31.7604106028,-7.5992136834
koormavam,1,9.6059856861,-6.793459450399999
ruumikam,1,44.469540245,5.7854781566
ökonoomsem,1,-10.5989186565,4.126242116499999
hallim,1,29.2412156963,4.8570863926
käepärasem,1,-16.8984030999,2.9029986745999996
praktilisem,1,3.2483785975,12.420020593
möödapääsmatum,1,4.336445246499999,-11.0483095529
vastumeelsem,1,-5.9993750343,0.49108905659999996
müütilisem,1,22.832179902100002,-21.0983897709
argumenteeritum,1,53.626610086999996,-4.9935342071
kontsentreeritum,1,27.714126982800003,-7.5657731107
meelepärasem,1,-28.3544381859,-1.4831280440999999
järeleandlikum,0,58.007127422399996,-12.6085165891
subjektiivsem,1,15.8159198365,-7.8205570509000015
talumatum,1,18.8248082344,-18.2518403557
korrumpeerunum,1,-32.230234965,0.3856505503
destruktiivsem,1,55.6015012345,-6.5772771828
toitumiskõlblikum,1,48.5669979297,-3.4453823372000003
teoreetilisem,1,42.2644334408,5.794505679199999
hingelähedasem,1,-36.8536893387,-0.1527528884
kahjulikum,1,5.0806165817,4.1414844503
väljapaistvam,0,-41.4905986755,-0.7084274523
kiiskavam,0,54.948830092899996,-27.387311085
nauditavam,1,0.8695922567000001,2.5406215734999997
normaalsem,1,-4.9962343932,7.5582169634000005
erudeeritum,1,2.0498225417,-2.2621220229
umbsem,1,29.6839344439,5.7555445518
must-valgem,1,21.0761482912,-18.051960576099997
šokeerivam,1,-15.0706936312,-9.1961194165
kuulekam,1,16.262051227,-9.3049562697
väledam,1,12.8460043078,-0.30230831
valvsam,1,37.5580851117,1.7015776641999998
lapsikum,1,18.1048587101,18.1349699535
mõistetamatum,1,30.0247586469,-8.4915492247
interaktiivsem,1,14.4654729469,14.3083678079
prominentsem,1,-33.221691868899995,3.3017790104
õrnem,1,-3.9521103922000003,11.7745539302
huvipakkuvam,1,-19.9918321168,-0.8979487993
tasuvam,1,18.2268780272,9.9573781286
idüllilisem,1,33.7608006058,3.0476574426
naturalistlikum,1,52.6632918581,-4.6936961047
jõukohasem,1,18.463701283,3.26313421
süsteemsem,1,25.8482691145,-5.5706229377
edasiviivam,1,2.2852670078,-2.3263820438
otstarbekam,1,-38.5614888665,3.3054503867
kaubanduslikum,1,-4.7540676036,15.3703756525
tõe-näolisem,1,-9.0520410161,14.260899761800001
sinisem,1,46.4660315462,-10.890162628199999
vanem,1,4.6510077754,3.5422972278
fragmenteeritum,0,58.577437293,-25.782284299
nägusam,1,7.4645507817,4.0199911217
mobiilsem,1,20.3257926224,16.6805049608
hakkajam,1,3.0853316832999997,12.6859797676
viljakam,1,-19.5814341515,3.7114355059
solvavam,1,-38.4553947133,7.2279001478
särtsakam,1,27.846276289400002,6.5249642065
leebem,1,39.7762325079,1.2492252054000001
distantseeritum,1,51.0557748008,-4.3881706232
eraklikum,0,54.9721893511,-20.8313696335
mõrum,1,42.8868501553,-17.3287833714
agressiivsem,1,35.5469709669,0.5042492107
arglikum,1,-9.4726311013,-2.4769861758
kommertslikum,1,24.6749844643,-7.1118577725
veenvam,1,7.0937951635,2.3524829581
laugem,1,53.2187251461,-5.0627342302
sensatsioonilisem,1,-2.8941112596,-4.7626374715
võõram,1,34.9905726554,-4.0892272510000005
shikim,1,23.871740129099997,25.355061546199998
kaitstum,1,-25.120299433499998,-1.5457117281000001
tähendusrikkam,1,25.9023529346,14.368880978900002
kirglikum,1,-2.3191748125,3.3998869218
kuumaverelisem,1,30.7723273897,-15.870502931099999
põhilisem,0,-45.2309616295,-0.1342592976
peadpööritavam,1,22.7619030208,-18.118910578199998
ulmelisem,1,-0.42780356119999996,-6.1201256471
ägedam,1,-3.2915122586,-3.9895993245
mütoloogilisem,1,50.48384722350001,-4.2175917851
taisem,1,17.774868526,-2.6675808241
lojaalsem,1,-23.6566676806,-4.6685262894
analüütilisem,1,54.11210173510001,-8.6342091176
ebamajanduslikum,0,57.9332795368,-36.0007188536
tõrjuvam,1,32.2405293258,-3.6509826339
mõõdukam,1,43.9377466026,-1.8244349072
tähelepanelikum,1,34.3775249874,-5.028566726499999
napisõnalisem,1,45.1261791691,-21.0695634371
poeetilisem,1,13.2099743084,-9.795680020499999
distsiplineeritum,1,12.677142519,11.7793166772
pingelisem,1,9.9938580826,-6.917313922000001
pingsam,1,4.2478177917,-9.5256898967
haiguskindlam,1,32.307696884,-6.0171524679
leidlikum,1,4.302021412799999,0.9051792037999999
siledam,1,27.019044694899996,-1.5351987151
nüansseeritum,1,59.052332380600006,27.5103378779
vanameelsem,1,2.4947532113,-2.3711610651
töötavam,1,0.531482744,-1.5559964586000001
südantlõhestavam,1,5.3181098508,-15.1895358093
rahamahukam,1,15.079306071300001,-12.6177329824
väikesem,1,39.9165114596,15.8553319212
laastavam,1,-27.380985459,-4.530592295
ebamäärasem,1,30.7208613369,-5.8406107626
koormatum,0,-41.5842530776,-0.026035295400000002
diferentseeritum,1,51.558028076899994,-4.699392946600001
tänuväärsem,1,-20.594216231,-1.5011103597
kujundlikum,1,1.9058627228999998,-2.0476478889
julgem,1,6.193813788200001,2.9022482564999996
säästlikum,1,-4.6987850447,-2.1177399738
korpulentsem,1,52.5880682234,-4.5859240951
leplikum,1,40.1331028795,14.2073367304
närvilisem,1,36.7536375583,-2.8008979705000003
armetum,1,-16.155325029100002,-7.1215206983
elutervem,1,24.493176470300003,16.7195802524
igavam,1,10.7040634803,13.4038689309
pinnapealsem,1,17.3548284751,-6.9249905825999996
isikukesksem,0,58.8422262925,-29.5279626232
üldistatum,1,31.5758704091,-4.5241290783
peenem,1,22.281765527199997,6.3388850054
ebameeldivam,1,-25.194383789899998,-0.4784560891
mitmekesisem,1,26.842291313,12.102285356300001
lähedam,1,3.6880704319,-0.5159504806
kihvtim,1,8.3399862336,17.4534753652
selgepiirilisem,1,-25.58483349,-0.7912680754000001
ahvatlevam,1,16.4048659598,3.162854958
idiootlikum,1,-16.6843448586,-2.4677555721
käsitöönduslikum,1,50.406527900600004,-4.133049650799999
kurjakuulutavam,0,44.6044315398,-27.8536663528
pöörasem,1,-1.1974929042,-5.4474411513
reaalsem,1,4.3457365719,8.5661864107
kodusem,1,34.4465280503,-3.433761444
heitlikum,1,37.3621965316,-11.9496363763
vastikum,1,-15.5391439641,2.2404924027
külluslikum,1,3.9700784351,-10.6459128552
kõveram,1,22.5249401101,-18.7312516428
varmam,1,-14.438195041300002,24.9977388207
kõikehõlmavam,0,55.5806866907,-12.231452801700001
värvirikkam,1,60.7630844928,51.436561551400004
mitmeplaanilisem,1,56.3981375022,-5.6450048923
kõhetum,1,0.4896152976,-1.5415456611000002
töökindlam,1,0.4792470169,2.6530197793
tsentraliseeritum,1,21.2191092061,-8.1102692525
reeglipärasem,1,20.0908515672,-3.4353857247
kafkalikum,1,20.1342940444,-5.2802409162
tusasem,0,55.7759075514,-21.7264278954
vigasem,1,30.4161603478,-11.8259414993
drastilisem,1,-6.1962967219000005,-13.9039935596
adekvaatsem,1,-18.616675978900002,7.114380746799999
markantsem,1,-38.3669313772,-0.9154963121999999
väiksem,1,27.2067096877,3.2711647663
reljeefsem,1,33.0739085134,6.2566592011
teretulnum,1,-31.5419149473,-0.2614091349
väärtuslikum,1,-23.2402592318,3.57736384
maskuliinsem,1,29.9471135252,-16.6246596437
ühesem,0,54.3486255546,-16.100847311400006
madalam,1,13.9028260371,-1.030717077
läbitöötatum,1,21.8088819139,-18.8567539715
konventsionaalsem,1,19.607118862100002,-3.5514436467
üksikasjalisem,1,55.2338816313,13.8178565253
väljaarendatum,1,22.085930545500002,-8.5324048624
palavam,1,-19.148400056099998,-4.5193423446
kallim,1,7.9088079224,3.284184106
produktiivsem,1,-19.2484652504,3.4844055637
ekstravagantsem,1,-25.719278392399996,-5.602538493200001
haritum,1,13.7881927681,13.617492651900001
kurvastavam,1,-14.933279241700001,-1.6915681143
staatilisem,1,30.8128147944,1.0702843505
kibestunum,1,-4.7889837594,14.6163476499
edutum,1,3.6609846355,-3.3905827068
kesksem,1,-10.831470617599999,-5.0415809024
jalasõbralikum,1,-7.022600740700001,-1.90389271
inspireerivam,1,-12.3190101648,7.5028477413
kainem,1,13.4161151119,2.8529320914999996
toimekam,1,-7.0975259038,-6.0717102365999995
häbematum,1,-28.7669565421,-4.8387460962
sakilisem,0,55.5089052424,-12.649968290699999
olemuslikum,1,-19.3844949574,3.9506852001999997
ausam,1,-9.570952475599999,8.2851351633
humaansem,1,12.6016404012,20.9937170422
võimsam,1,8.5627939789,2.4992278265
rikkalikum,1,16.750439951500002,2.9843515279000004
aeglasem,1,32.7264252166,1.3769338415999999
ajaloolisem,1,2.4444805997,-3.321365323
eklektilisem,1,-1.0106500461,5.9437122163
väsitavam,1,-18.7077403593,1.0803340069
tagasihoidlikum,1,31.4961596225,-1.4390846707
köitvam,1,5.4319301961,-4.4183881518
gigantsem,0,56.364739559300006,-20.8884821346
suurejoonelisem,1,9.238217154900001,-10.2628367231
arenenum,1,-11.2018842998,9.9113214901
vasakradikaalsem,1,26.206296711300002,55.0697734979
soosivam,1,-9.0319753844,-1.1799164898
jämedam,1,-10.704033984,-1.3516419172999998
teravmeelsem,1,32.5478249499,5.9114377596
koloriitsem,1,-23.0597538979,18.618822374
ahistavam,1,11.738690914300001,-10.4322866189
piinarikkam,1,-6.3986653167,18.1217959505
aktiivsem,1,-1.744083435,1.6909503462
menukam,1,-26.513179413699998,-4.6155593019
pimedam,1,-13.3271381029,-4.551713277
autoritaarsem,1,45.881809782,-15.0990106527
tasasem,1,7.0470097054,-2.6160615208
sõjakam,1,17.0367807002,0.0372257437
pikemaajalisem,1,7.9512788853,-3.0673203486
helgem,1,3.7672603027,2.1139335918
katkendlikum,0,56.7974550115,-27.6598232346
nähtavam,1,-16.1808252485,-1.6211386069
suletum,1,-23.448846661599998,13.6663703821
stiilipuhtam,1,-33.8367024687,10.645176815700001
domineerivam,1,-7.2405308327,3.9284527118
harjumuspärasem,1,-6.1672539178,6.8860070509
udusem,1,25.7903692848,-10.4965491809
kaalukam,1,1.3999918541,1.7942367713
nadim,1,14.1265855758,-1.6783918090999999
punakam,1,53.7641496421,-5.6082961152
kaitsetum,1,-21.831007282199998,0.9013664526
pilvisem,1,-3.2269199967,-1.8807214279
häbelikum,1,-18.60352454,-1.9186149316999999
phtlikum,1,48.4788833264,-3.4437476179
kandvam,1,-15.014752133699998,2.0790116992
häbiväärsem,1,-12.737385008599999,-0.1588743924
valusam,1,-10.8762836343,4.2457484906
sitem,1,-10.2198475737,-0.18339970519999998
töisem,1,8.7852485419,-7.661772039500001
pahaendelisem,1,43.5591452933,29.5011005754
teisejärgulisem,1,52.4349849481,-5.6117921284
troostitum,1,20.3897324168,0.18158027170000002
rõhuvam,1,39.5705026819,-12.4590785421
kriminogeensem,1,-38.0745413373,-0.1565597923
objektiivsem,1,-4.731960889100001,3.4213688286000004
tumedanahalisem,1,51.5579469129,-4.4819824321
paranoilisem,1,17.3521452923,-15.3820232106
lamedam,1,9.6845972915,-3.1653220863
kuldsem,1,-37.7116935629,-0.21876592239999998
kasumlikum,1,-18.4428334281,2.3604405299
otsesem,0,-41.7751665271,1.8596614143
armutum,1,1.4904641587,-1.7290088827
liigutavam,1,-36.6079178154,8.594810815
õdusam,1,56.674003014200004,23.708667410100002
põhimõttelisem,1,-8.642423704199999,6.898122537100001
minevam,0,-45.4592223166,0.2452652433
erakorralisem,1,53.750841111599996,-4.9148262706
sõnaosavam,1,29.8815075552,18.3947408246
verevaesem,1,-15.1785496312,-1.0329660224
homogeensem,1,24.590001202899998,2.513472922
põhjendamatum,0,38.0652091877,-32.6457171436
vääram,1,-37.8406707599,-4.2822799739
vaheldusrikkam,1,41.3615818017,7.354120104400001
kosutavam,1,27.066937299699998,21.5588004583
avalam,1,21.8724864704,10.858229424000001
liberaalsem,1,16.5239942519,2.8357731614999997
vapustavam,1,-29.034159486700002,0.4027126375
krõbedam,1,11.919111535899999,-8.4079730227
priskem,1,18.1111323654,2.3416782550999997
sygavam,1,53.261941149399995,-6.5799927663
niiskem,1,40.8894510412,-0.5884537381
seksikam,1,-26.6301684156,1.0669590834
hoomamatum,1,59.742055231,53.5116250155
tõelähedasem,1,18.6310579351,-3.1604978504
kasimatum,1,-22.122787935300003,-1.0921283675
lämmatavam,0,56.9516338585,-13.528244700999998
ebademokraatlikum,1,30.580824760100004,-26.3067001312
kiduram,1,37.0666542163,-11.8787683798
rahvalähedasem,1,-28.184241459699997,-0.4624408886
lahkem,1,32.1407416952,2.0652752154
legendaarsem,1,-18.3180924667,-9.0777318627
esteetilisem,1,23.8823919881,40.7459108794
komplekssem,1,43.197646419399994,26.0777038055
absoluutsem,1,-6.1548015528999995,-2.4584515185
valgem,1,29.3240474314,5.628398847000001
totaalsem,1,39.8720755663,6.3225834858
ebaotstarbekam,1,-34.8498271087,-0.4581222083
kultuursem,1,16.018527088,26.2691311023
eemaletõukavam,1,4.7291110882,-12.7048000555
eksistentsiaalsem,1,32.0473213058,-3.2031629963999997
tungivam,1,-3.2792323300999997,-7.9256127131
motiveeritum,1,12.1707151578,3.3021905494
keskkonnaohtlikum,1,25.008371742199998,-4.0568012123
kibedam,1,-32.4644696485,1.4311902973
lähem,1,-19.3535640991,0.9283590801999999
sandim,1,7.675792960700001,-6.6139804658
järsem,1,6.481053023099999,-7.900253706799999
skeptilisem,1,16.783146962300002,2.3988726342
edevam,1,-13.272060039500001,5.728391720399999
loomingulisem,1,6.0073449115,9.0657609927
kindlameelsem,1,-16.645746536199994,7.3705853459
nutikam,1,-0.6522703402000001,0.0653664761
peenekoelisem,1,28.714935141999998,-3.9636777701
orgaanilisem,1,-5.5144354510000015,15.6360244107
kehvem,1,12.0315433437,2.2068578076
soodsam,1,-2.6086734452,0.3460189937
mahukam,1,0.3296199278,0.0347074933
üllatuslikum,1,-22.954793958099998,-6.3876756283
loetavam,1,-31.5791628313,0.538104927
lüürilisem,1,-7.3276215024,-1.8698483959
erandlikum,1,-20.094669936099997,-1.5582739674000001
umbmäärasem,1,55.0506519583,-7.2011322799
ettearvamatum,1,3.2195759065,-7.3242743901
loovam,1,30.603584538299998,17.9108706201
progressiivsem,1,-21.0169985815,3.7585618564
punasem,1,33.618454035999996,-9.970993727
ebatervislikum,0,59.170997418,-36.2710815609
lakoonilisem,1,23.7844552302,-13.9257877225
pehmem,1,41.3572704802,2.4151079394
kapriissem,1,2.7518542316000003,-2.3650340241
karjuvam,1,-34.1273645531,-0.7413707335999999
truum,0,-43.775435618,0.2371857114
ebaõnnestunum,1,-33.5284112792,-1.0938875398
jäävam,1,-5.4016013165,15.861385728399998
kidakeelsem,1,34.542525329,-7.224223555599999
luksuslikum,1,-12.7358595157,4.7460377559
mitmeharulisem,1,54.1351210575,-6.2319647738
ulatuslikum,1,14.429581847,1.2710003909999998
irratsionaalsem,1,56.9068287275,-2.7706969172000004
uudsem,1,-25.2182402612,6.878259653200001
kirkam,1,0.09993610509999999,0.4282455916
inimväärsem,1,52.518982136800005,10.1394059048
iidsem,1,-27.2650153121,-1.1640613166
austusväärsem,1,-15.0948777806,-1.0521006894
valulisem,1,-3.9349048662,-2.0864069043
fataalsem,1,59.653999794799994,37.835918913200004
pressisõbralikum,0,-43.258834647700006,3.6739324131999997
magusam,1,-24.365632833499998,-1.0768418182
puritaanlikum,1,12.9149691645,-3.0366289324
küünilisem,1,7.7554287177,-5.8082303441
mõjusam,1,-4.1333000281,8.6284449626
tihedam,1,16.3437094152,-4.1509596810000025
strateegilisem,1,-27.3132972555,5.3254262363
trööstitum,1,35.8660521696,-6.6128472996
malbem,1,-16.1519248016,7.4064306713
nilbem,1,-21.7751883664,-2.3315621478
jõukam,1,-0.5359154893,5.1014113291
rafineeritum,1,42.0285658983,2.7147950351
mõtlikum,1,41.913861151199995,-4.7191222299
allasurutum,1,56.1491608752,24.1596335946
vaevalisem,1,29.9214287508,-3.6575940924
mürarikkam,1,-8.2415858731,-1.368627258
äärmuslikum,1,-20.356518543,-4.3822259321
süütum,1,-14.5627814913,8.553161960499999
ebatasasem,1,27.4060636579,-4.3454589662
ebatavalisem,1,-8.1279771435,-4.5132919557
harjumatum,1,-27.7495647356,-0.6269518054
erakordsem,1,17.7665806632,-26.1912628648
hommikusem,1,48.459275834799996,-3.4382592994
naiselikum,1,-1.1714386653,-1.731469631
radikaalsem,1,11.5891717848,-6.1181468271
isikupärasem,1,9.2177773944,-6.2550515735
mornim,1,28.854676272,-8.1031541618
soojem,1,-3.9056066624000003,-0.0536219206
tõesem,1,13.887449619100002,26.319364449899997
teisem,1,53.8986560576,1.851796084
apoliitilisem,1,19.199622918299998,-3.1785797484
autokraatsem,0,53.783201603900004,-9.6768258069
lootusrikkam,1,-2.3391364031,2.099585207
ebareaalsem,1,26.395298762600003,-5.5007392628
ekspressiivsem,1,-6.252821591900001,-4.5346428494
aupaklikum,1,-13.261352390199999,-1.9301945194999999
mugavam,1,12.347579957799999,12.6384499796
ekstreemsem,1,-4.1783628643,-1.9232149028999999
ebatraditsioonilisem,1,11.706467896600001,-2.7530382318
kaastundlikum,1,13.6643181436,-5.8129326214
vihmasem,1,0.0710054639,-6.8393891647
naiivsem,1,21.4468119952,-10.931225917999999
võimendatum,0,33.5871154491,-38.180574172600004
mõttekam,1,-7.135469754500001,12.1085426351
kõlavam,1,4.0976879045,-3.7908523996
vettpidavam,1,-1.9486460152,-7.7480647209
auahnem,1,-0.36712336770000004,-8.3889612765
optimaalsem,0,-43.4780115204,-0.2726633432
kõrgelennulisem,1,37.947675831,-4.7113721301
nurgelisem,1,32.5928572121,-3.8559291842000003
spetsiifilisem,1,34.781993483499996,4.1766654171
suursugusem,1,-1.5377146872,10.337698104400001
kurikuulsam,1,-40.7009603077,-2.9248399393
maalähedasem,1,37.5005444566,4.9023679639
füüsilisem,1,15.925351205,32.4298975846
spontaansem,1,29.3577605427,18.2969903571
üllatavam,1,-17.118171042,-8.4583510886
joodavam,1,-23.466482819699998,-0.5887871085
reipam,1,57.1249242522,28.2453719571
läbikaalutum,1,53.6562388189,-5.654577453200001
rahulolematum,1,-21.4295406534,-3.2826538333
kunstilisem,1,10.9716509831,-4.8839284627
hajameelsem,1,25.323206618,8.390297071
inetum,1,-11.717149758800002,-2.5992356003
korrastatum,1,32.5932468512,-4.0296869482
nõmedam,1,-23.346256159,1.3562510803999999
turvalisem,1,4.4072754986,3.8798795787
materiaalsem,1,55.75406229319999,5.1220165776
detailsem,1,43.682876673900005,-4.0209486746
vaenulikum,1,4.4297680833,-7.2190232624
kaasaegsem,1,-21.2571573659,3.5003961827
stabiilsem,1,13.8457115393,3.0904492923
suutlikum,1,-33.8115551895,-0.18767651079999997
paiksem,1,34.866532798200005,-5.4709495382
vabam,1,40.480018504499995,11.122712956400001
pilvitum,1,21.537183546799998,-4.3596504056
heldem,1,-5.1063779451,0.4295861763
kõledam,1,17.5718818535,-12.021377754300001
informatiivsem,1,24.7369980496,13.608930098499998
euroskeptilisem,1,-21.1820294975,-3.9562285513
emotsionaalsem,1,5.1826931867,6.755146814400001
vastupidavam,1,-6.1058385287,6.2399660514
rikkam,1,-1.4079600464,5.2976657288
kõhedam,1,37.793771098200004,5.5837393498
maksujõulisem,1,-2.2959396422,-2.4387961525
tuntavam,1,-12.8017873991,0.014058928100000001
pastelsem,1,54.7058329419,-5.8118843335
kategoorilisem,1,34.3844622558,-21.2556642642
ühtsem,1,35.2581663181,6.1104018953
massiivsem,1,16.0703212079,1.8824377842
lahjem,1,32.2000978756,-0.0432344458
usinam,1,-31.117313756199998,2.9683893936000003
perspektiivikam,1,-27.2213510854,1.5198448689
inimnäolisem,1,59.629028627299995,8.3170112185
põlisem,1,29.314490660100002,8.4634961432
kenam,1,11.6853616306,15.2368238743
tuhmim,1,41.115563942399994,3.3577508438
võikam,1,-10.078746644,-2.5767809571
riigitruum,1,-33.3203112655,-0.2744311089
kurjem,1,-3.6400013576,-0.4263230957
passiivsem,1,14.4509340756,-8.9356577549
tänapäevasem,1,9.6493213859,3.8627976133999997
otsustavam,1,-29.8803633327,-3.2338591129000003
aristokraatlikum,1,-4.9743330784,15.4339243852
nõtkem,1,59.5762618032,47.119412390600004
lahtisem,1,21.3666047214,15.698474811099999
kogukam,1,24.0846698492,-4.6807765465
maitsvam,1,-16.2730181357,9.1619955423
mehisem,1,20.3819191438,4.2519595431
perspektiivsem,1,-29.792843826,8.2013461058
õhulisem,1,31.8786922587,10.6513080391
kirevam,1,37.7326788521,10.308711899299999
tüsedam,1,31.2540434716,0.8998453820000001
nüansirikkam,1,24.1837459819,-3.6766712536000004
vaatemängulisem,1,6.088737742999999,22.2341706628
soliidsem,1,9.5626988839,5.3910925448
äkilisem,1,9.456658662899999,-2.8330618065
läbipaistmatum,1,19.45261265,-26.685054990999998
nobedam,1,10.942027584000002,-3.5278048629
hüplevam,1,57.3493050557,22.54019972610001
ametlikum,1,26.4465656272,3.5893439498000004
jõudsam,1,45.4488862775,-15.4887956682
kristlikum,1,-33.9552156768,-0.1546181168
kohusetundlikum,1,-10.0655401831,-1.5778794219999999
leigem,1,46.2208557815,0.23967173670000005
osavam,1,-2.9498739519,-0.7062883417
eluohtlikum,1,16.2818532332,-9.718177297999999
glamuursem,1,14.2303434334,4.1805542873000014
elastsem,0,52.762870274499996,-13.5663290491
kõhnem,1,31.553636905799998,-3.4684374039
sentimentaalsem,1,31.436650270799998,-3.4190245688
soolasem,1,40.1149014864,-7.3676038736
isikupäratum,0,54.4856072543,-10.4083324912
kobedam,1,29.3433192581,3.4049944949
kiirem,1,13.700956833800001,1.2292382623
müstilisem,1,8.4744961717,-2.0306401143
laiahaardelisem,1,25.7146044197,8.5508867797
imelikum,1,-17.8550943811,-4.9783353256
enam,1,57.971009764899996,24.6883424943
näotum,1,-11.8681430781,-4.6051150129
väljendunum,1,13.155295216199999,-11.4546431244
sõidetavam,1,-23.548258036700002,-0.5907725258
sümboolsem,0,41.5376298716,-30.4667902944
üldisem,1,-5.7661608475,1.0998172598
ohustatum,0,-42.4829966379,2.3367393502000002
ärevusttekitavam,1,11.728863871,-4.6609973625
bravuursem,1,26.0433237329,-2.8088461799
trendikam,1,9.6240551757,1.6599429103
vasturääkivam,1,31.0815947583,-19.0356044907
ilmekam,1,-20.417202282999998,-2.6522740313999997
lugupeetum,1,-20.8051410093,7.0357829188
riskialtim,1,-18.7359169107,-1.3346315494
petlikum,1,-12.090918193399999,-12.247033758099999
üritavam,1,49.891249601300004,-3.9932058617000004
tuimem,1,0.6815028837,0.20282799210000002
dramaatilisem,1,-6.127471448300001,-3.6474404287
väetim,1,-23.9324740621,-1.9256874028
päikesepaistelisem,1,-20.5126384069,8.1494889581
lapsesõbralikum,1,-34.9459357947,-0.4155223363
puudulikum,1,1.7433322996,-2.1129419038
künklikum,1,51.9066879868,-7.1189285538
rohkearvulisem,1,-21.821927671799997,10.1667421595
piiratum,1,46.6594083407,-1.1907318017
läänelikum,1,-3.0309692092000002,4.4042008629
lugupidavam,1,19.6348858537,-3.4559994184
armulisem,1,-15.399887247799999,-0.9263907548
üldsõnalisem,1,13.4999570761,-5.8106926065
demokraatlikum,1,-10.789105901500001,4.2557364517
paradoksaalsem,1,-28.9226882851,-7.183226527
ilmsem,1,10.3755293257,-7.133641858200001
ohutum,1,10.1176154388,11.6544650402
parem,1,4.7103238607,4.4037179181
üksmeelsem,1,27.0835541492,13.982838806099998
neutraalsem,1,-11.352672238399999,-0.2107366747
pingutavam,1,57.9650618187,23.374427973400003
ohvriterohkem,1,-33.245214975900005,-3.538621997
atleetlikum,1,14.266275305,-4.4008596648000005
novaatorlikum,1,13.912587865699999,-12.0812667794
kahjutum,1,-13.715374023299999,-1.9295748463999998
kõhklevam,1,13.3520548704,6.0222333339
kurioossem,1,-21.848496719499998,-9.8810070554
tõrksam,1,17.9687458535,-14.9429035831
tõenäosem,1,-25.2304442615,4.4379398935
mitmekülgsem,1,16.19963651,8.6431792996
tervem,1,17.3526482899,20.8571151591
vastutulelikum,1,42.716825141,17.6809628583
eespoolsem,1,40.8551095315,21.6145036052
roosakam,1,0.5962631291,-1.5748918636000002
ebaturvalisem,1,-25.0286975798,-1.1008646913
kvalifitseeritum,1,5.6711826709,2.4338160283000003
tajutavam,1,17.3311365188,-30.4657899757
mõnusam,1,9.630967095,13.5716723899
ettenägelikum,1,4.0207428341,15.4173668724
operatiivsem,1,-3.6803776061,-3.4585137427999997
sallimatum,1,-18.8718729196,-3.8848806013
korruptiivsem,1,-25.4412702068,-1.0107437889
tundmatum,1,12.0687021897,-4.5559527706
grotesksem,1,19.9312798801,-16.3847958745
peidetum,1,-3.6581367835000003,-1.8012060372
haledam,1,7.1442895051,-8.0895931699
sensuaalsem,1,-5.249151803999999,-11.3189312825
ahtam,1,48.9807037224,-6.4641720556
kergeusklikum,1,4.9720883642,19.366724983
koolitatum,1,2.9101596849,-2.6717302936
räpasem,1,-18.199101881500003,0.4996714476
avatum,1,34.6099622546,10.1315633433
troopilisem,1,52.676753817299996,-5.1030797637
koomilisem,1,7.412295921799999,-9.5127801419
elulisem,1,18.7439409517,9.5082296478
hulljulgem,1,0.28517314039999997,-11.930534716199999
lapselikum,1,56.5833474553,39.4373631804
järjekindlam,1,-18.6126774218,-4.972868081100001
mitmekihilisem,1,40.788867067199995,14.5262196364
teatraliseeritum,1,26.2483690963,-3.3319582948
südamlikum,1,-23.4931203121,11.1494008171
nõrgem,1,8.2584028845,2.262734296
varasem,1,21.5344505429,-5.8552001982
tähtsusetum,1,-7.460461450299999,-1.9321089443000001
vaesem,1,0.3823172899,0.2735147005
eripärasem,1,-9.8803813363,-9.8734814751
kergem,1,28.7500919477,16.4183226305
isekam,1,31.8193212784,14.7370197424
kõmulisem,1,-34.392961785,-2.9755674639999996
olulisem,1,-17.2527556473,0.8069449555
rahustavam,1,23.1983401196,3.3119049517000003
stiilsem,1,-32.2892112738,5.8514883392999995
üksikum,1,9.3532222796,-5.9230649499
vasem,1,55.3673709456,-3.0800069536000003
Eesti-kesksem,1,19.6682261522,-3.5238508332
alatum,1,-27.012730471999998,2.9707170667000002
prestiižikam,1,-38.2690233009,-4.0789918528
keskkonnasäästlikum,1,3.8839164177999996,-13.440633729000002
abitum,1,27.6998478531,4.9290657274
kaunim,1,-11.5847680819,-0.4817749043
tõepärasem,1,-4.2484172697,1.5557476107
haaravam,1,-17.3681952845,3.779661975
brutaalsem,1,9.5120188904,-2.2485377649
määravam,1,-10.6241384006,2.1521128064
kättesaadavam,1,14.0117261852,4.6376493852
õiglasem,1,-11.505422189,2.4487660921
tsiviliseeritum,1,37.0491166539,4.1042829727
võimalusterohkem,1,4.5409544881,7.8469476345
terasem,1,-4.1803994903,-0.0065030083
libedam,1,9.7504943429,-2.9843918761
lastesõbralikum,1,-27.401805026199998,-1.1702454247
tragim,1,-18.5102593591,-1.8315219431
ähvardavam,1,35.6905783899,-5.9702843127
kaamem,1,50.4143190099,-4.1680659462000005
rassistlikum,1,-1.8446926082,23.1494887448
ilusam,1,-15.4151441324,5.392755066
tillukesem,1,11.6702571173,-11.9245916205
arukam,1,1.0768829895,6.6902263842
revolutsioonilisem,1,-12.9057204705,-7.5627982555
hajusam,1,28.916864037899998,-15.0202356551
uudishimulikum,1,-13.4011728113,8.5347947367
verisem,1,-11.654824713599998,-5.2427270198
idiootsem,1,-19.7699080129,-2.144871281
moraalsem,1,6.8780828736,34.1765763701
uskumatum,1,-9.0150449446,-8.6603632763
plahvatusohtlikum,1,-15.078916776400002,-6.1066354239
vesisem,1,24.5882785017,0.6844731826
tühisem,1,-15.6510269297,1.053393415
ebaõiglasem,1,1.7512227488999998,-4.2021419551
pilkupüüdvam,1,-15.9248675988,-1.9239206925999999
noortepärasem,1,27.317378064,-3.8283032976999998
iseäralikum,1,-13.1082865917,-6.5009021670000005
mõttetum,1,-6.983099224199999,-3.9238153228
sihipärasem,1,39.637905219400004,7.530645614
sotsiaalsem,1,39.4583888165,11.6729043957
pikatoimelisem,1,20.1821483433,-5.0012305902
tõrjutum,1,3.7653794231999997,-8.9283763349
süvenenum,1,45.0966407171,-8.0147305053
ilmetum,1,21.0736043027,-11.365520213800002
õilsam,1,-11.6153086398,6.4027754335000004
hõrgum,1,-10.3360305925,-2.2044400877
toekam,1,32.3446734423,6.5761995577
sinisilmsem,1,-24.8548057625,-5.7732151775
ameerikalikum,1,-23.862373622699998,-1.4505787559
sümpaatsem,1,-1.8188459122,2.3915447487
fanaatilisem,1,-17.1408656247,-1.5471929712999999
atraktiivsem,1,10.8472820628,-0.5675301192000001
väheldasem,1,49.637408450600006,-3.7687907508999996
hinnatundlikum,1,-29.2063344471,-0.6508529707
suurem,1,12.550973823800001,0.6499137719
inimsõbralikum,1,17.3236801469,5.4663846881
absurdsem,1,13.556876819200001,-13.508859852999999
taskukohasem,1,21.2654265634,3.9214728602999998
arvukam,1,-7.504384195399999,-2.9986437911
ühemõttelisem,1,26.1541451798,-11.403804219300001
volatiilsem,1,27.1375264101,-3.4347686499
innovaatilisem,0,-42.309623146199996,0.0806151953
paljulubavam,1,-35.7589317184,-0.3790155331
vähesem,1,41.9472230936,-11.529431528699998
jazzilikum,1,35.864373779699996,-4.6720851532
toorem,1,6.1461098713,9.7773603492
roosam,1,29.2586119356,-8.3926724887
rammusam,1,1.9545675986000002,-3.5678907478
aktsepteeritavam,1,-1.9327314684,-7.3102482253
rohmakam,1,54.6487275726,24.7006087759
lühiajalisem,1,24.0868368257,18.3805034728
värskem,1,-20.5304325528,1.9306744647
õigustatum,1,12.514550169000001,-28.1799279914
käidavam,0,-41.244448299,-0.08244085450000001
püham,1,-40.6347773923,0.0239109373
õitsvam,1,-11.5308808168,-1.5558060972999999
